mux_type,k_min,M,density,rep,N,avg_skr,avg_qber,avg_fidelity,avg_ent_rate,reachability
no_mux,100,1,0.0001,0,1000,0.9867751424918247,0.08428668124082274,0.8735699781387658,2.8235126327815356,0.0030964297630964297
no_mux,100,1,0.0001,1,1000,1.2508181836343257,0.06885807051927292,0.8967128942210905,3.62231742715669,0.003763763763763764
no_mux,100,1,0.0001,2,1000,1.3100569617346862,0.07737957253556786,0.8839306411966481,3.760828443120478,0.003690357023690357
no_mux,100,1,0.0001,3,1000,1.101694820293283,0.09969481665802211,0.8504577750129669,3.174866726691827,0.0034034034034034033
no_mux,100,1,0.0001,4,1000,1.0792511028741476,0.06935462008322126,0.8959680698751682,3.1243087672807834,0.003243243243243243
no_mux,100,1,0.0001,5,1000,1.2149708283536989,0.07907833646271818,0.8813824953059228,3.4473124715301946,0.003103103103103103
no_mux,100,1,0.0001,6,1000,0.9665446388846404,0.06029853447889993,0.9095521982816501,2.757409032756448,0.002749416082749416
no_mux,100,1,0.0001,7,1000,1.081929350244118,0.06234257036124775,0.9064861444581284,3.046957025177882,0.0027694361027694363
no_mux,100,1,0.0001,8,1000,1.138611179585523,0.1077169891317254,0.838424516302412,3.355086442005597,0.00355689022355689
no_mux,100,1,0.0001,9,1000,1.1549731061768989,0.06838367359337363,0.8974244896099396,3.304698430863364,0.003223223223223223
no_mux,100,1,0.00012648552168552957,0,1000,1.4324899364646395,0.07729627053856812,0.8840555941921477,4.180698078619709,0.004617951284617951
no_mux,100,1,0.00012648552168552957,1,1000,1.2317934728625342,0.14425211322266338,0.7836218301660048,3.877067887071952,0.004524524524524525
no_mux,100,1,0.00012648552168552957,2,1000,1.4205201233569105,0.09647720513230688,0.8552841923015397,4.159883105071148,0.004044044044044044
no_mux,100,1,0.00012648552168552957,3,1000,1.565462782602607,0.10040186148227472,0.849397207776588,4.577240704243655,0.004617951284617951
no_mux,100,1,0.00012648552168552957,4,1000,1.4245277587573688,0.09393053351270103,0.8591041997309484,4.211603438306856,0.004811478144811478
no_mux,100,1,0.00012648552168552957,5,1000,1.484374715893602,0.08570681401378367,0.8714397789793245,4.342776307251385,0.004437771104437771
no_mux,100,1,0.00012648552168552957,6,1000,1.156035838831938,0.0699745999525536,0.8950381000711696,3.382502938599015,0.003550216883550217
no_mux,100,1,0.00012648552168552957,7,1000,1.3749635135848923,0.09099761749727847,0.8635035737540823,4.052721271307927,0.004277610944277611
no_mux,100,1,0.00012648552168552957,8,1000,1.3762632659493184,0.08069138981496819,0.8789629152775478,4.110283463424188,0.004704704704704705
no_mux,100,1,0.00012648552168552957,9,1000,1.1078738737603842,0.17695409431561235,0.7345688585265814,3.407245159142373,0.0033633633633633636
no_mux,100,1,0.00015998587196060574,0,1000,1.5838890880103293,0.08266537262881818,0.8760019410567728,4.7299554128642995,0.005085085085085085
no_mux,100,1,0.00015998587196060574,1,1000,1.030869663689385,0.1148439106642496,0.8277341340036256,3.126679248018136,0.0034434434434434434
no_mux,100,1,0.00015998587196060574,2,1000,1.2192172813982967,0.0801633836019597,0.8797549245970604,3.580843620678119,0.003670337003670337
no_mux,100,1,0.00015998587196060574,3,1000,1.5029607964078395,0.0969567839613921,0.8545648240579118,4.465430524942566,0.004831498164831498
no_mux,100,1,0.00015998587196060574,4,1000,1.3107832129065562,0.106888121192874,0.8396678182106889,3.921984747795355,0.004124124124124124
no_mux,100,1,0.00015998587196060574,5,1000,1.6377389545156678,0.13337105879194688,0.7999434118120795,4.814849088884216,0.004791458124791458
no_mux,100,1,0.00015998587196060574,6,1000,1.3631307820989842,0.10809998575723477,0.8378500213641479,4.143567449070419,0.0046246246246246245
no_mux,100,1,0.00015998587196060574,7,1000,1.3845114353598396,0.08102409629798243,0.8784638555530263,4.030190358314899,0.003823823823823824
no_mux,100,1,0.00015998587196060574,8,1000,1.5449392829626936,0.08878391099865937,0.8668241335020109,4.630314081913109,0.005051718385051718
no_mux,100,1,0.00015998587196060574,9,1000,1.5001662133244658,0.10501220883337335,0.84248168674994,4.594603300515414,0.005432098765432099
no_mux,100,1,0.00020235896477251576,0,1000,1.8521702965758544,0.17157040298653237,0.7426443955202016,6.0835626440995565,0.006266266266266266
no_mux,100,1,0.00020235896477251576,1,1000,1.9209527503228618,0.14631958105014264,0.780520628424786,5.99657376191591,0.0071338004671338
no_mux,100,1,0.00020235896477251576,2,1000,1.9142379938768226,0.13853602374847307,0.7921959643772903,6.25216020225778,0.007761094427761094
no_mux,100,1,0.00020235896477251576,3,1000,1.8162709136023645,0.15150893411700064,0.772736598824499,6.174737863630825,0.007634300967634301
no_mux,100,1,0.00020235896477251576,4,1000,1.9521214460933036,0.11945854310078988,0.8208121853488152,6.061856418741486,0.006366366366366366
no_mux,100,1,0.00020235896477251576,5,1000,1.96389349707995,0.11785691486494022,0.8232146277025897,6.157118951838986,0.007267267267267267
no_mux,100,1,0.00020235896477251576,6,1000,2.3265051750405323,0.12751049629996117,0.8087342555500583,7.286405910099799,0.007400734067400734
no_mux,100,1,0.00020235896477251576,7,1000,2.2164260967510114,0.12688995552428703,0.8096650667135694,6.926317589196263,0.007420754087420754
no_mux,100,1,0.00020235896477251576,8,1000,1.7476183799063725,0.10606246104021226,0.8409063084396816,5.399215513170456,0.006286286286286287
no_mux,100,1,0.00020235896477251576,9,1000,1.636885730460505,0.12503627630888797,0.812445585536668,5.13247285201979,0.005238571905238572
no_mux,100,1,0.0002559547922699536,0,1000,2.2153867736327113,0.1560735694026028,0.7658896458960959,7.438343153009202,0.008968968968968968
no_mux,100,1,0.0002559547922699536,1,1000,2.1161691267214375,0.14173355425420026,0.7873996686186996,6.947155759688077,0.008254921588254922
no_mux,100,1,0.0002559547922699536,2,1000,2.2658710656042538,0.17204963725036063,0.741925544124459,7.399569152450064,0.008161494828161494
no_mux,100,1,0.0002559547922699536,3,1000,2.1006125687595767,0.14777301982546137,0.778340470261808,7.107310665111773,0.009336002669336003
no_mux,100,1,0.0002559547922699536,4,1000,2.038482628226466,0.14861703828822675,0.7770744425676599,7.1075167954313825,0.009542876209542877
no_mux,100,1,0.0002559547922699536,5,1000,2.639728917074046,0.110327053153927,0.8345094202691095,8.369386878724482,0.009155822489155823
no_mux,100,1,0.0002559547922699536,6,1000,2.0167402200570375,0.19199019328671482,0.7120147100699278,6.700697255375002,0.007914581247914582
no_mux,100,1,0.0002559547922699536,7,1000,2.256624215783835,0.1194007010465332,0.8208989484302003,7.363695469747802,0.009482816149482817
no_mux,100,1,0.0002559547922699536,8,1000,2.009688526732538,0.19089912689360516,0.7136513096595922,6.806328651736307,0.008301634968301635
no_mux,100,1,0.0002559547922699536,9,1000,2.707822993463604,0.1261683449353559,0.8107474825969662,8.594671646415728,0.008214881548214882
no_mux,100,1,0.00032374575428176434,0,1000,2.86633231669148,0.18761802550957307,0.7185729617356404,9.987305184288035,0.010417083750417083
no_mux,100,1,0.00032374575428176434,1,1000,2.072892644468291,0.13493587326669518,0.7975961900999573,7.121899991564339,0.008842175508842176
no_mux,100,1,0.00032374575428176434,2,1000,2.8154371349965497,0.2710685399232997,0.5933971901150504,10.963739231104512,0.012832832832832833
no_mux,100,1,0.00032374575428176434,3,1000,2.7064120959510745,0.21266147083504522,0.6810077937474323,9.82049165081914,0.010637303970637304
no_mux,100,1,0.00032374575428176434,4,1000,1.9557303058567335,0.2221506042949097,0.6667740935576354,7.274606571361566,0.009129129129129129
no_mux,100,1,0.00032374575428176434,5,1000,1.8000313057365318,0.25036076488516706,0.6244588526722494,6.479217176767913,0.007207207207207207
no_mux,100,1,0.00032374575428176434,6,1000,2.9995854283139605,0.17404543277069817,0.7389318508439527,10.436888456245578,0.011604938271604939
no_mux,100,1,0.00032374575428176434,7,1000,2.5970614128561453,0.17051164786365414,0.7442325282045188,8.824830805122374,0.009356022689356022
no_mux,100,1,0.00032374575428176434,8,1000,2.4837239040830377,0.14545618653540252,0.7818157201968963,8.590861825206316,0.01005005005005005
no_mux,100,1,0.00032374575428176434,9,1000,2.566350862561501,0.18124532379887456,0.7281320143016882,8.930570449754123,0.011017684351017685
no_mux,100,1,0.00040949150623804275,0,1000,2.9431844914451735,0.2037660159887145,0.6943509760169282,11.019517177178683,0.012892892892892893
no_mux,100,1,0.00040949150623804275,1,1000,3.2660851956272072,0.2056810326578362,0.6914784510132458,12.357562576298877,0.015375375375375375
no_mux,100,1,0.00040949150623804275,2,1000,3.168978535063645,0.2277307173745033,0.6584039239382451,12.300032083705172,0.013279946613279947
no_mux,100,1,0.00040949150623804275,3,1000,2.980450202570721,0.3635509129499684,0.4546736305750474,13.774116140622313,0.016529863196529864
no_mux,100,1,0.00040949150623804275,4,1000,2.721736053087639,0.23508710754793022,0.6473693386781046,10.798427738128302,0.013299966633299966
no_mux,100,1,0.00040949150623804275,5,1000,3.319942745062141,0.23292019314415913,0.6506197102837613,12.348389266252136,0.01334668001334668
no_mux,100,1,0.00040949150623804275,6,1000,3.579798858539771,0.324616974937876,0.5130745375931859,14.374734611248599,0.01564898231564898
no_mux,100,1,0.00040949150623804275,7,1000,3.3210923659862903,0.14741052945899955,0.7788842058115008,11.76308293073266,0.013973973973973973
no_mux,100,1,0.00040949150623804275,8,1000,3.2191102222048094,0.18761655914584952,0.7185751612812257,11.859602785477062,0.015095095095095094
no_mux,100,1,0.00040949150623804275,9,1000,3.0228735594956517,0.22535796134276365,0.6619630579858545,12.0523104253507,0.01496162829496163
no_mux,100,1,0.0005179474679231213,0,1000,3.8411090022029346,0.2489799704357033,0.6265300443464451,16.719573274519618,0.01915915915915916
no_mux,100,1,0.0005179474679231213,1,1000,2.600254792081409,0.18082886248097288,0.7287567062785407,9.727806738610361,0.012145478812145479
no_mux,100,1,0.0005179474679231213,2,1000,3.08009561860447,0.15029983597479624,0.7745502460378056,11.489622705241214,0.014708041374708042
no_mux,100,1,0.0005179474679231213,3,1000,4.112923838128689,0.36190840286019793,0.4571373957097031,18.356516473608675,0.018091424758091425
no_mux,100,1,0.0005179474679231213,4,1000,3.4525280076835316,0.2962246751955001,0.55566298720675,15.971226142560724,0.018705372038705374
no_mux,100,1,0.0005179474679231213,5,1000,4.153670340435315,0.28307215157632015,0.5753917726355198,18.430147848200367,0.019239239239239238
no_mux,100,1,0.0005179474679231213,6,1000,3.44498606527815,0.3576657721242152,0.46350134181367725,16.187169166935057,0.017030363697030364
no_mux,100,1,0.0005179474679231213,7,1000,4.105458679057615,0.22854651401468715,0.6571802289779692,17.023667153684933,0.01901901901901902
no_mux,100,1,0.0005179474679231213,8,1000,3.7048859534293723,0.36526817030854847,0.4520977445371773,18.299195656746733,0.017797797797797797
no_mux,100,1,0.0005179474679231213,9,1000,3.186614895916819,0.2249228023722781,0.6626157964415829,12.133653928442504,0.01404738071404738
no_mux,100,1,0.0006551285568595509,0,1000,4.78672684380897,0.27966371902098663,0.5805044214685201,24.70001464939847,0.028034701368034702
no_mux,100,1,0.0006551285568595509,1,1000,4.422968092688226,0.2451930848816515,0.6322103726775228,20.094455648836117,0.023043043043043044
no_mux,100,1,0.0006551285568595509,2,1000,4.07647325336344,0.34956456935913904,0.47565314596129155,19.75672243324159,0.022829496162829498
no_mux,100,1,0.0006551285568595509,3,1000,4.018076755153358,0.2984605017226791,0.5523092474159814,20.700087645684423,0.02241574908241575
no_mux,100,1,0.0006551285568595509,4,1000,5.124087453542682,0.35459253333206486,0.4681112000019027,25.65245430453169,0.02795462128795462
no_mux,100,1,0.0006551285568595509,5,1000,4.502238002278232,0.21560571515962862,0.676591427260557,18.629047703941144,0.021688355021688355
no_mux,100,1,0.0006551285568595509,6,1000,4.880796510203164,0.23564175934549525,0.6465373609817572,20.8222485181665,0.023289956623289955
no_mux,100,1,0.0006551285568595509,7,1000,4.552033909240195,0.3545942335012516,0.4681086497481226,24.244854405628622,0.0267334000667334
no_mux,100,1,0.0006551285568595509,8,1000,4.172647088715132,0.30122721668961405,0.5481591749655789,20.46474674045982,0.02255588922255589
no_mux,100,1,0.0006551285568595509,9,1000,4.508351837060017,0.2938051907424168,0.5592922138863748,21.85172200859598,0.025005005005005004
no_mux,100,1,0.0008286427728546842,0,1000,5.103100727639821,0.302458869638726,0.5463116955419111,26.938614585542247,0.029129129129129128
no_mux,100,1,0.0008286427728546842,1,1000,4.888461605080429,0.31710737784011106,0.5243389332398335,32.56940242621667,0.029843176509843177
no_mux,100,1,0.0008286427728546842,2,1000,4.80068066125187,0.32908732938109536,0.5063690059283569,27.152711612027936,0.03218551885218552
no_mux,100,1,0.0008286427728546842,3,1000,5.54032946253038,0.3275958435926431,0.5086062346110353,33.808986447365434,0.031164497831164498
no_mux,100,1,0.0008286427728546842,4,1000,5.501674946534506,0.24796498383763615,0.6280525242435457,28.89097821120409,0.032318985652318985
no_mux,100,1,0.0008286427728546842,5,1000,5.458052005094042,0.32006630701511746,0.5199005394773238,34.226514563744054,0.033800467133800464
no_mux,100,1,0.0008286427728546842,6,1000,5.2357185374978945,0.31842190155278693,0.5223671476708196,26.536753174152416,0.029436102769436104
no_mux,100,1,0.0008286427728546842,7,1000,5.556568088920117,0.27202151147860487,0.5919677327820927,29.34013967678124,0.034948281614948284
no_mux,100,1,0.0008286427728546842,8,1000,5.293891318825745,0.32829262910353946,0.507561056344691,29.43572307039472,0.028168168168168167
no_mux,100,1,0.0008286427728546842,9,1000,5.599872778308635,0.3106988357563248,0.5339517463655128,35.643034797272335,0.03180513847180514
no_mux,100,1,0.0010481131341546852,0,1000,6.43859558873131,0.28205661297249,0.576915080541265,46.44343819030317,0.04799466132799466
no_mux,100,1,0.0010481131341546852,1,1000,6.189423565223318,0.31542041550158456,0.5268693767476232,37.89716940030656,0.0376976976976977
no_mux,100,1,0.0010481131341546852,2,1000,7.065002022751072,0.2916668115953499,0.5624997826069752,44.93761632999968,0.04580580580580581
no_mux,100,1,0.0010481131341546852,3,1000,6.32699496228983,0.32693490400832637,0.5095976439875104,38.959041996477175,0.03953953953953954
no_mux,100,1,0.0010481131341546852,4,1000,6.344797061005864,0.2980399990498321,0.5529400014252519,41.486885255562896,0.041968635301968635
no_mux,100,1,0.0010481131341546852,5,1000,6.753182623771179,0.2912328210540074,0.5631507684189889,43.560818724639475,0.03899232565899233
no_mux,100,1,0.0010481131341546852,6,1000,6.117150774920072,0.30313179631181786,0.5453023055322732,39.8817242103628,0.037757757757757755
no_mux,100,1,0.0010481131341546852,7,1000,5.018042675045612,0.2967014997930626,0.5549477503104062,31.645385768670064,0.03433433433433433
no_mux,100,1,0.0010481131341546852,8,1000,6.379179591887183,0.2814028252078144,0.5778957621882784,42.25337835356096,0.043370036703370037
no_mux,100,1,0.0010481131341546852,9,1000,5.676343553769741,0.30030583968630215,0.5495412404705469,38.80355553409741,0.038311644978311646
no_mux,100,1,0.0013257113655901094,0,1000,7.67936426335483,0.25890924951970395,0.611636125720444,55.32021567196132,0.05309309309309309
no_mux,100,1,0.0013257113655901094,1,1000,5.09480777070199,0.2684805083943902,0.5972792374084148,30.724866768371314,0.03475475475475476
no_mux,100,1,0.0013257113655901094,2,1000,7.605072107564591,0.25849103229259623,0.6122634515611056,49.02010579496085,0.04890890890890891
no_mux,100,1,0.0013257113655901094,3,1000,6.930149837758038,0.2682572524050362,0.5976141213924459,48.73385908237805,0.04512512512512513
no_mux,100,1,0.0013257113655901094,4,1000,4.93229164913979,0.2442921761251623,0.6335617358122566,24.26389751242903,0.025011678345011678
no_mux,100,1,0.0013257113655901094,5,1000,7.781997466245851,0.25295472136042235,0.6205679179593666,56.612036917891835,0.05070403737070404
no_mux,100,1,0.0013257113655901094,6,1000,7.059038167454134,0.2709618014840482,0.5935572977739276,51.408493000428514,0.044864864864864865
no_mux,100,1,0.0013257113655901094,7,1000,6.835944907128826,0.26988417398287795,0.5951737390256832,46.32832201874029,0.047013680347013684
no_mux,100,1,0.0013257113655901094,8,1000,7.220279905878444,0.2953614703705292,0.5569577944442063,49.72134786635928,0.051958625291958625
no_mux,100,1,0.0013257113655901094,9,1000,8.130518172338439,0.2777954964727602,0.5833067552908596,54.0473340369714,0.053373373373373376
no_mux,100,1,0.0016768329368110084,0,1000,10.570447176415948,0.23368383441887786,0.6494742483716832,75.92891419213578,0.07654988321654989
no_mux,100,1,0.0016768329368110084,1,1000,9.281599206738827,0.23998028629501833,0.6400295705574726,66.88550314416823,0.07042375709042376
no_mux,100,1,0.0016768329368110084,2,1000,8.998855400269854,0.23495946068144788,0.6475608089778282,64.19770375352232,0.06876876876876876
no_mux,100,1,0.0016768329368110084,3,1000,8.649679817486323,0.23974239127817906,0.6403864130827315,62.829604547111806,0.06331664998331665
no_mux,100,1,0.0016768329368110084,4,1000,10.02579201782269,0.23518195630675248,0.6472270655398712,75.40901150216126,0.06858858858858859
no_mux,100,1,0.0016768329368110084,5,1000,9.607042513221637,0.24022327271964816,0.6396650909205277,67.22441233661495,0.06914247580914247
no_mux,100,1,0.0016768329368110084,6,1000,8.392606491688174,0.23220511573144462,0.651692326402833,63.055313981183566,0.06707374040707374
no_mux,100,1,0.0016768329368110084,7,1000,9.211430735469563,0.2553038718375202,0.6170441922437198,64.02775510126706,0.06699366032699366
no_mux,100,1,0.0016768329368110084,8,1000,6.69290541167659,0.23390637598772718,0.6491404360184092,48.91595162000676,0.049756423089756426
no_mux,100,1,0.0016768329368110084,9,1000,8.768108848803484,0.2567714931786706,0.614842760231994,61.47346378187838,0.06254921588254922
no_mux,100,1,0.0021209508879201904,0,1000,10.149134339720293,0.227273343356624,0.6590899849650639,73.84590657264204,0.08023356690023356
no_mux,100,1,0.0021209508879201904,1,1000,9.279423332151488,0.22535478919006688,0.6619678162148998,63.62708636436231,0.07135135135135136
no_mux,100,1,0.0021209508879201904,2,1000,10.095328520172275,0.22654299189892016,0.6601855121516197,77.4348259812416,0.07977977977977978
no_mux,100,1,0.0021209508879201904,3,1000,10.748035858501337,0.21458800214732787,0.6781179967790082,81.35346133881181,0.08184851518184852
no_mux,100,1,0.0021209508879201904,4,1000,10.574345997971347,0.21674419073830867,0.674883713892537,76.41890114234047,0.084678011344678
no_mux,100,1,0.0021209508879201904,5,1000,9.78490894761553,0.2154823030804356,0.6767765453793465,75.64106130838138,0.07563563563563563
no_mux,100,1,0.0021209508879201904,6,1000,11.382081882197662,0.22415282230025316,0.6637707665496202,79.99497382223787,0.08394394394394394
no_mux,100,1,0.0021209508879201904,7,1000,11.622572855483629,0.20327576082277746,0.6950863587658338,87.93435663089674,0.10118118118118118
no_mux,100,1,0.0021209508879201904,8,1000,11.551243518062579,0.2073605787026525,0.6889591319460213,90.66792100522889,0.08892225558892225
no_mux,100,1,0.0021209508879201904,9,1000,10.449655179981386,0.21072176231461906,0.6839173565280714,81.39951257506365,0.09073073073073074
no_mux,100,1,0.002682695795279727,0,1000,12.206352783809095,0.19347521229277803,0.7097871815608329,90.94617012164012,0.10802135468802135
no_mux,100,1,0.002682695795279727,1,1000,13.520447910379966,0.19432908626140133,0.7085063706078979,98.31426122151494,0.10780113446780114
no_mux,100,1,0.002682695795279727,2,1000,12.40664229494094,0.20143991478093023,0.6978401278286047,93.72164699460377,0.10442442442442443
no_mux,100,1,0.002682695795279727,3,1000,12.316091111815672,0.20897930443600357,0.6865310433459947,90.21770123998377,0.0945679012345679
no_mux,100,1,0.002682695795279727,4,1000,13.817190391365461,0.19467293111534434,0.7079906033269835,96.80266451955612,0.11898565231898565
no_mux,100,1,0.002682695795279727,5,1000,13.053967215079991,0.1911202256009878,0.7133196615985183,99.07752595569694,0.10950283616950283
no_mux,100,1,0.002682695795279727,6,1000,12.370177472263187,0.20297723422114047,0.6955341486682892,98.2621837484744,0.09843176509843177
no_mux,100,1,0.002682695795279727,7,1000,13.08182532182369,0.19326616637730212,0.7101007504340469,102.98270566442544,0.1084617951284618
no_mux,100,1,0.002682695795279727,8,1000,12.380857790182617,0.19151228994312253,0.7127315650853162,88.50658125455506,0.11449449449449449
no_mux,100,1,0.002682695795279727,9,1000,14.089007405874682,0.19461729727616392,0.7080740540857542,102.08730469335754,0.11712379045712379
no_mux,100,1,0.00339322177189533,0,1000,15.030124497762998,0.1778558804601034,0.7332161793098451,118.48789332138934,0.14222222222222222
no_mux,100,1,0.00339322177189533,1,1000,16.433208954410475,0.17888849591650416,0.7316672561252437,120.73458659298988,0.14769436102769437
no_mux,100,1,0.00339322177189533,2,1000,15.165508168770254,0.1781817925894439,0.732727311115834,106.6965546561234,0.1387454120787454
no_mux,100,1,0.00339322177189533,3,1000,15.13810070467994,0.18274337179831254,0.7258849423025312,112.55206849004968,0.13137137137137136
no_mux,100,1,0.00339322177189533,4,1000,14.419566834027714,0.1866541992683825,0.7200187010974263,113.08496206109842,0.12401735068401736
no_mux,100,1,0.00339322177189533,5,1000,15.892311070395213,0.17071366170662772,0.7439295074400584,110.97137972308774,0.15087754421087754
no_mux,100,1,0.00339322177189533,6,1000,16.551837651165826,0.17631538835647398,0.7355269174652891,116.99602772326294,0.15204537871204538
no_mux,100,1,0.00339322177189533,7,1000,15.245704739743898,0.1787293242591906,0.7319060136112141,104.31433659658119,0.13552886219552887
no_mux,100,1,0.00339322177189533,8,1000,15.583713494502046,0.17562346210441196,0.7365648068433821,123.57760514350575,0.14854854854854854
no_mux,100,1,0.00339322177189533,9,1000,17.1159105529223,0.1731941162076411,0.7402088256885384,124.81946658925405,0.15981981981981982
no_mux,100,1,0.004291934260128779,0,1000,18.51809852666759,0.1588985853734841,0.7616521219397739,135.35637349923172,0.1868068068068068
no_mux,100,1,0.004291934260128779,1,1000,18.397934694473076,0.16444193944514926,0.7533370908322762,141.78768925116736,0.16972972972972972
no_mux,100,1,0.004291934260128779,2,1000,20.821252569831,0.16515009271195447,0.7522748609320683,143.7635674087592,0.18461795128461794
no_mux,100,1,0.004291934260128779,3,1000,19.259258267048615,0.16445409428333665,0.753318858574995,144.5655763113716,0.17462128795462128
no_mux,100,1,0.004291934260128779,4,1000,17.624783494970373,0.17917169349985965,0.7312424597502105,132.50494540199375,0.14846846846846848
no_mux,100,1,0.004291934260128779,5,1000,15.931456722546857,0.17420737642059445,0.7386889353691083,111.54694804327175,0.12627293960627295
no_mux,100,1,0.004291934260128779,6,1000,20.285190300902972,0.16244101409092546,0.7563384788636118,152.03717342569286,0.18684684684684685
no_mux,100,1,0.004291934260128779,7,1000,21.075920727554333,0.15831839004557735,0.7625224149316341,150.89970390505997,0.21688355021688355
no_mux,100,1,0.004291934260128779,8,1000,20.632000013761843,0.15626515833469742,0.7656022624979538,145.7545681126093,0.1920387053720387
no_mux,100,1,0.004291934260128779,9,1000,18.082914437299397,0.16450624265631564,0.7532406360155265,137.4024990599379,0.16988321654988323
no_mux,100,1,0.005428675439323859,0,1000,28.628003625745663,0.13914409868077987,0.7912838519788302,187.13802238328563,0.2865865865865866
no_mux,100,1,0.005428675439323859,1,1000,21.002079071163813,0.1577608570360635,0.7633587144459048,167.18559535346816,0.18367033700367033
no_mux,100,1,0.005428675439323859,2,1000,25.937931984428328,0.14839474885940987,0.7774078767108852,168.17917636881302,0.24135468802135468
no_mux,100,1,0.005428675439323859,3,1000,23.840351685055566,0.14956279697328398,0.775655804540074,162.2642537331477,0.2452052052052052
no_mux,100,1,0.005428675439323859,4,1000,23.584420123481138,0.15462508485476445,0.7680623727178534,184.90674125402361,0.21003670337003671
no_mux,100,1,0.005428675439323859,5,1000,23.101195016536035,0.15648929679716483,0.7652660548042528,172.6120571411396,0.1966166166166166
no_mux,100,1,0.005428675439323859,6,1000,21.9207953684361,0.15081872835339075,0.7737719074699139,162.95730427359615,0.21174507841174509
no_mux,100,1,0.005428675439323859,7,1000,22.818564132568355,0.14860168860926062,0.777097467086109,163.2255721613985,0.22581915248581916
no_mux,100,1,0.005428675439323859,8,1000,23.682353194295448,0.14695695562012953,0.7795645665698057,155.8821143553814,0.23508842175508843
no_mux,100,1,0.005428675439323859,9,1000,26.516058978164114,0.14642980231977568,0.7803552965203364,179.6934075354697,0.24880880880880882
no_mux,100,1,0.006866488450042998,0,1000,26.042977985173188,0.14066407208436926,0.7890038918734461,182.08203090916973,0.2696096096096096
no_mux,100,1,0.006866488450042998,1,1000,27.59125748201318,0.14638962279983048,0.7804155658002544,201.086550473531,0.25114447781114446
no_mux,100,1,0.006866488450042998,2,1000,30.88306709879467,0.1344394767301201,0.79834078490482,208.68854685539105,0.3138471805138472
no_mux,100,1,0.006866488450042998,3,1000,27.160795408812785,0.1428636198317442,0.7857045702523837,204.8047639115639,0.2707173840507174
no_mux,100,1,0.006866488450042998,4,1000,24.792575778266436,0.1419662162403989,0.7870506756394017,197.53233766363869,0.24274274274274274
no_mux,100,1,0.006866488450042998,5,1000,31.595681668415846,0.13048953038204625,0.8042657044269307,218.10056555378327,0.32012012012012014
no_mux,100,1,0.006866488450042998,6,1000,29.2043112988131,0.13011590708742538,0.8048261393688619,205.33034535919663,0.3233767100433767
no_mux,100,1,0.006866488450042998,7,1000,21.846459475996674,0.13802355712621425,0.7929646643106787,157.07542217985974,0.25426092759426094
no_mux,100,1,0.006866488450042998,8,1000,22.489133452171522,0.15001736639739377,0.7749739504039093,166.44549690968043,0.22341675008341674
no_mux,100,1,0.006866488450042998,9,1000,27.53710386177988,0.1381893317141491,0.7927160024287764,176.04720394555932,0.2754354354354354
no_mux,100,1,0.008685113737513529,0,1000,38.9750756016768,0.12741192852965733,0.8088821072055139,258.4149123839525,0.35240573907240574
no_mux,100,1,0.008685113737513529,1,1000,32.294990275866084,0.12890864859962037,0.8066370271005694,231.97899067459343,0.3242242242242242
no_mux,100,1,0.008685113737513529,2,1000,36.77465672820025,0.12400364249422681,0.8139945362586597,230.51500648177839,0.362962962962963
no_mux,100,1,0.008685113737513529,3,1000,33.17471262440485,0.1275037133723597,0.8087444299414605,218.71895598669693,0.3185785785785786
no_mux,100,1,0.008685113737513529,4,1000,31.550082009276267,0.1342003020235237,0.7986995469647145,214.07847397252857,0.3028228228228228
no_mux,100,1,0.008685113737513529,5,1000,38.03102570336984,0.11910758736586488,0.8213386189512027,257.40533076679105,0.4024758091424758
no_mux,100,1,0.008685113737513529,6,1000,36.0637501264379,0.12610084163134475,0.8108487375529828,249.25724173038154,0.35243243243243244
no_mux,100,1,0.008685113737513529,7,1000,37.309451855202866,0.12763115822615542,0.8085532626607669,252.9232525909479,0.34611945278611944
no_mux,100,1,0.008685113737513529,8,1000,37.19111504852802,0.12539203100472487,0.8119119534929127,244.47427805132187,0.34852185518852186
no_mux,100,1,0.008685113737513529,9,1000,35.83653364035873,0.12598081193083815,0.8110287821037427,255.46918579233406,0.360674007340674
no_mux,100,1,0.010985411419875584,0,1000,42.55492994637022,0.11857350153754492,0.8221397476936826,276.6291030926924,0.40816816816816814
no_mux,100,1,0.010985411419875584,1,1000,47.80304732770417,0.11821442495247937,0.8226783625712809,312.02497315057803,0.4306373039706373
no_mux,100,1,0.010985411419875584,2,1000,42.877904247351495,0.11205619613174456,0.831915705802383,284.8457646113422,0.4605805805805806
no_mux,100,1,0.010985411419875584,3,1000,42.54493755655171,0.1155585675780005,0.8266621486329992,288.42333884070763,0.44043376710043375
no_mux,100,1,0.010985411419875584,4,1000,41.19295222115148,0.12001982490884792,0.8199702626367281,261.7857888543968,0.39731064397731064
no_mux,100,1,0.010985411419875584,5,1000,44.13363257487057,0.11443180851183199,0.8283522872322521,276.6186460162596,0.43580914247580915
no_mux,100,1,0.010985411419875584,6,1000,35.67779953519368,0.12596815208461026,0.8110477718730846,258.57583085563135,0.3413013013013013
no_mux,100,1,0.010985411419875584,7,1000,41.81982901121908,0.11451518894415622,0.8282272165837657,277.6161877017221,0.44670003336670006
no_mux,100,1,0.010985411419875584,8,1000,37.93918938984256,0.12275639566382922,0.8158654065042562,258.5766837697247,0.3613613613613614
no_mux,100,1,0.010985411419875584,9,1000,47.67416483690547,0.11125669524641942,0.8331149571303709,294.45876288912825,0.47134467801134466
no_mux,100,1,0.013894954943731374,0,1000,53.94098114514091,0.10175407623501896,0.8473688856474716,312.6399033393047,0.5573973973973974
no_mux,100,1,0.013894954943731374,1,1000,47.92241477414493,0.11242900972225373,0.8313564854166196,321.53988664289307,0.48220887554220887
no_mux,100,1,0.013894954943731374,2,1000,47.54857977173435,0.11182490233604726,0.8322626464959291,342.3602610871746,0.4727394060727394
no_mux,100,1,0.013894954943731374,3,1000,54.501336523230506,0.10396851219061119,0.8440472317140832,342.2558194010747,0.5605739072405739
no_mux,100,1,0.013894954943731374,4,1000,49.690918798663716,0.11104421320728937,0.8334336801890659,333.82879249892756,0.4873606940273607
no_mux,100,1,0.013894954943731374,5,1000,42.38949395570312,0.11719879540276859,0.8242018068958471,317.5432038195922,0.4208541875208542
no_mux,100,1,0.013894954943731374,6,1000,56.6662325460856,0.1043873730431302,0.8434189404353046,350.6300796925571,0.5359826493159826
no_mux,100,1,0.013894954943731374,7,1000,54.93965810648594,0.10108495722268124,0.8483725641659781,331.3617555049514,0.577610944277611
no_mux,100,1,0.013894954943731374,8,1000,48.59963707747307,0.11001794918431816,0.8349730762235228,331.2968538806659,0.4970770770770771
no_mux,100,1,0.013894954943731374,9,1000,50.81837773990779,0.11173596833457843,0.8323960474981323,347.96713327717083,0.4907907907907908
no_mux,100,1,0.01757510624854793,0,1000,65.01112399314313,0.09976115784222814,0.8503582632366578,413.4892045798266,0.6110243576910244
no_mux,100,1,0.01757510624854793,1,1000,61.09037809801514,0.10139476924303491,0.8479078461354477,390.4646242370051,0.5996663329996663
no_mux,100,1,0.01757510624854793,2,1000,66.67921452039671,0.09735643675178572,0.8539653448723213,385.99956086554636,0.6349149149149149
no_mux,100,1,0.01757510624854793,3,1000,52.01286146060759,0.10958737326042273,0.8356189401093659,391.9768985752001,0.5134868201534868
no_mux,100,1,0.01757510624854793,4,1000,61.51034857603689,0.09264037457368438,0.8610394381394734,314.920379993265,0.6232098765432099
no_mux,100,1,0.01757510624854793,5,1000,51.07442469040411,0.11312714916571338,0.8303092762514298,391.25252990082475,0.47970637303970637
no_mux,100,1,0.01757510624854793,6,1000,59.856484245589506,0.10207302379367764,0.8468904643094836,375.6514970319789,0.5521254587921255
no_mux,100,1,0.01757510624854793,7,1000,67.96863150913381,0.097062876491605,0.8544056852625925,419.63665194805975,0.6593993993993994
no_mux,100,1,0.01757510624854793,8,1000,63.637228833182895,0.0968306149961732,0.8547540775057403,372.10954337995105,0.6237837837837837
no_mux,100,1,0.01757510624854793,9,1000,58.225623656185505,0.10299949071586176,0.8455007639262073,384.0845011897718,0.5775775775775776
no_mux,100,1,0.022229964825261957,0,1000,74.03500643588941,0.09686888155618742,0.854696677665719,458.9601132744678,0.6707907907907907
no_mux,100,1,0.022229964825261957,1,1000,73.86570564831092,0.09336139790902591,0.8599579031364611,475.6640381915602,0.7133466800133467
no_mux,100,1,0.022229964825261957,2,1000,83.35743012057596,0.09001444837556656,0.8649783274366502,474.3101443291142,0.7410677344010678
no_mux,100,1,0.022229964825261957,3,1000,82.17748892399169,0.08847275139118042,0.8672908729132294,437.50430740575416,0.7226026026026026
no_mux,100,1,0.022229964825261957,4,1000,79.20769924179716,0.0945088716444587,0.8582366925333119,463.6511530888941,0.6701368034701368
no_mux,100,1,0.022229964825261957,5,1000,70.68783020084186,0.09399781439053542,0.8590032784141969,451.38619649739616,0.6987721054387721
no_mux,100,1,0.022229964825261957,6,1000,72.23997679462636,0.09344855866762448,0.8598271619985632,467.83931719371634,0.7074341007674341
no_mux,100,1,0.022229964825261957,7,1000,86.279564988952,0.08669688974351872,0.869954665384722,490.68538723803607,0.7900633967300634
no_mux,100,1,0.022229964825261957,8,1000,84.32769926125638,0.08722136600298182,0.8691679509955272,474.4029598153839,0.7585652318985653
no_mux,100,1,0.022229964825261957,9,1000,80.38577398810462,0.08756170132722632,0.8686574480091604,445.85290097766733,0.7647047047047048
no_mux,100,1,0.028117686979742307,0,1000,97.73481953433426,0.07436429303015554,0.8884535604547668,441.0721558364433,0.8160627293960627
no_mux,100,1,0.028117686979742307,1,1000,80.9164253069484,0.09455503141449362,0.8581674528782596,517.7727477238467,0.7075942609275943
no_mux,100,1,0.028117686979742307,2,1000,94.65282494699443,0.0849414143881236,0.8725878784178146,554.8560852832378,0.8281081081081081
no_mux,100,1,0.028117686979742307,3,1000,88.34005533447078,0.09068904321121371,0.8639664351831795,533.5493623796108,0.7382048715382049
no_mux,100,1,0.028117686979742307,4,1000,79.99783601044105,0.09356964487150937,0.8596455326927359,522.7388227376077,0.7187987987987988
no_mux,100,1,0.028117686979742307,5,1000,95.23131588617927,0.08438384641124423,0.8734242303831337,532.1191898554013,0.8110577243910577
no_mux,100,1,0.028117686979742307,6,1000,79.19527480341077,0.09388904751804646,0.8591664287229304,521.3723137897737,0.7055789122455789
no_mux,100,1,0.028117686979742307,7,1000,85.5314460751234,0.09002729738078528,0.864959053928822,542.5210842892586,0.7634300967634301
no_mux,100,1,0.028117686979742307,8,1000,104.41908413332558,0.07952314398096003,0.8807152840285599,494.9131236394335,0.7964431097764431
no_mux,100,1,0.028117686979742307,9,1000,92.03501282296935,0.08953205299910234,0.8657019205013464,558.8858529387244,0.7577644310977645
no_mux,100,1,0.03556480306223128,0,1000,121.50092124845327,0.07064499268264848,0.8940325109760273,565.6704814378695,0.9153887220553887
no_mux,100,1,0.03556480306223128,1,1000,124.28997729692497,0.07490991160233232,0.8876351325965014,636.3231105005375,0.910744077410744
no_mux,100,1,0.03556480306223128,2,1000,115.48466875788843,0.0804994125663415,0.8792508811504876,619.464056141801,0.8460727394060727
no_mux,100,1,0.03556480306223128,3,1000,88.07747415159139,0.0904113936242417,0.8643829095636374,585.6151680490075,0.7748948948948949
no_mux,100,1,0.03556480306223128,4,1000,104.07050109472601,0.08686139532824695,0.8697079070076296,643.6711943798781,0.8071671671671672
no_mux,100,1,0.03556480306223128,5,1000,95.05420282348928,0.08708405943907678,0.8693739108413848,610.5592234289887,0.8126726726726726
no_mux,100,1,0.03556480306223128,6,1000,96.777149421579,0.08892040241137261,0.8666193963829412,626.7776800346069,0.7927794461127794
no_mux,100,1,0.03556480306223128,7,1000,115.37377732183847,0.07203869130096653,0.8919419630485502,534.8558273099617,0.8697163830497164
no_mux,100,1,0.03556480306223128,8,1000,89.13104396338402,0.0934587011756331,0.8598119482365504,624.5747660491459,0.7366032699366033
no_mux,100,1,0.03556480306223128,9,1000,118.29433685260035,0.08136700031363729,0.877949499529544,634.3047850588728,0.8352619285952619
no_mux,100,1,0.04498432668969444,0,1000,139.36559605184047,0.07711333966023114,0.8843299905096532,768.5834389707413,0.9129662996329663
no_mux,100,1,0.04498432668969444,1,1000,116.95660319201944,0.07991676675158098,0.8801248498726286,686.977644862349,0.8974441107774441
no_mux,100,1,0.04498432668969444,2,1000,131.8918165522848,0.07697625152431652,0.8845356227135254,698.403799069283,0.869703036369703
no_mux,100,1,0.04498432668969444,3,1000,114.3313937032926,0.0812014380200127,0.878197842969981,675.6881515704056,0.8798665331998665
no_mux,100,1,0.04498432668969444,4,1000,127.83844653664212,0.07698138879880842,0.8845279168017873,693.8727647690378,0.8944144144144144
no_mux,100,1,0.04498432668969444,5,1000,141.9698978415876,0.07269216038202783,0.8909617594269582,718.4186269431656,0.9243376710043377
no_mux,100,1,0.04498432668969444,6,1000,120.55807974260911,0.08128926571389392,0.8780661014291592,724.3678148712643,0.8808875542208876
no_mux,100,1,0.04498432668969444,7,1000,107.8578569455439,0.08492572882430904,0.8726114067635363,662.3326825554745,0.8390256923590257
no_mux,100,1,0.04498432668969444,8,1000,128.3214981780758,0.07488524466056361,0.8876721330091547,650.1393394393808,0.8895562228895563
no_mux,100,1,0.04498432668969444,9,1000,138.1356063607138,0.07472591544923946,0.8879111268261407,696.6213288766978,0.8970303636970304
no_mux,100,1,0.05689866029018299,0,1000,151.38013536668709,0.07499453501802678,0.8875081974729598,837.0968055601473,0.9511044377711044
no_mux,100,1,0.05689866029018299,1,1000,128.96551981196419,0.08171423105858285,0.8774286534121256,809.8679163768891,0.8920854187520855
no_mux,100,1,0.05689866029018299,2,1000,134.67304565131172,0.07902630792312394,0.8814605381153139,803.508395281526,0.9154220887554221
no_mux,100,1,0.05689866029018299,3,1000,149.4813801221709,0.07327209005829598,0.8900918649125561,826.1549424858481,0.9672138805472139
no_mux,100,1,0.05689866029018299,4,1000,137.3306145404243,0.0773159711209002,0.8840260433186498,776.2364018271701,0.9259993326659993
no_mux,100,1,0.05689866029018299,5,1000,149.88998765092194,0.07464821346112147,0.8880276798083178,809.5295286474802,0.9335068401735068
no_mux,100,1,0.05689866029018299,6,1000,149.83524246862558,0.07339057521294008,0.8899141371805896,809.7957992328058,0.9484351017684352
no_mux,100,1,0.05689866029018299,7,1000,145.64477969224467,0.07682385782918694,0.8847642132562197,848.1183028882926,0.945618952285619
no_mux,100,1,0.05689866029018299,8,1000,142.22016154692724,0.07294392808468099,0.8905841078729786,762.2036311341158,0.9483616950283617
no_mux,100,1,0.05689866029018299,9,1000,146.66223336296875,0.07566081941646724,0.886508770875299,820.2116922752247,0.9334067400734067
no_mux,100,1,0.07196856730011521,0,1000,171.68647538393392,0.0711580557868315,0.8932629163197527,919.527467313792,0.9720387053720387
no_mux,100,1,0.07196856730011521,1,1000,227.8922175201323,0.05842397551088436,0.9123640367336735,988.2844357321164,0.9961895228561896
no_mux,100,1,0.07196856730011521,2,1000,193.37746155669734,0.05269994668366205,0.9209500799745071,767.7861205775139,0.9952218885552219
no_mux,100,1,0.07196856730011521,3,1000,201.3880918215297,0.06690097885103886,0.8996485317234417,1014.4519600356178,0.9892625959292626
no_mux,100,1,0.07196856730011521,4,1000,183.9914359764108,0.06967703553577322,0.8954844466963401,965.610960686637,0.9742075408742076
no_mux,100,1,0.07196856730011521,5,1000,194.46832122256458,0.06136560949191729,0.9079515857621241,883.1705282947712,0.9943276609943277
no_mux,100,1,0.07196856730011521,6,1000,141.60376386829932,0.07970850158565627,0.8804372476215155,874.7750929579117,0.9175842509175842
no_mux,100,1,0.07196856730011521,7,1000,188.31115451152272,0.06982211635448425,0.8952668254682736,980.8248823028813,0.9745478812145478
no_mux,100,1,0.07196856730011521,8,1000,174.78361523710876,0.07055574988944951,0.8941663751658258,919.4478538821384,0.9645712379045712
no_mux,100,1,0.07196856730011521,9,1000,191.21781038748892,0.06945759078885035,0.8958136138167244,984.453892800401,0.9683883883883884
no_mux,100,1,0.09102981779915217,0,1000,162.22806572502623,0.07574678008353139,0.8863798298747029,962.66612766129,0.9521788455121788
no_mux,100,1,0.09102981779915217,1,1000,202.40335017284022,0.06902578626739148,0.8964613205989127,1058.5691384868105,0.9790924257590924
no_mux,100,1,0.09102981779915217,2,1000,161.9823498557034,0.07603702652601979,0.8859444602109702,971.4270930307135,0.9522255588922256
no_mux,100,1,0.09102981779915217,3,1000,204.09590335597346,0.06880102985776547,0.8967984552133517,1080.9465842127656,0.9847781114447781
no_mux,100,1,0.09102981779915217,4,1000,220.7309330137919,0.06589226948944117,0.9011615957658382,1108.6362563932635,0.9901835168501835
no_mux,100,1,0.09102981779915217,5,1000,225.492346973984,0.0588213107888561,0.9117680338167157,1015.905636769085,0.9972439105772439
no_mux,100,1,0.09102981779915217,6,1000,191.9497925732486,0.07028698527620975,0.8945695220856853,1041.5646089377958,0.9864998331664998
no_mux,100,1,0.09102981779915217,7,1000,191.56670064651766,0.06847724251254668,0.8972841362311802,1015.6943459900849,0.9906773440106773
no_mux,100,1,0.09102981779915217,8,1000,209.16506920250347,0.06745527359588595,0.898817089606171,1086.724502420549,0.9921588254921588
no_mux,100,1,0.09102981779915217,9,1000,187.27114428773575,0.069526050250476,0.895710924624286,998.3811403117488,0.9784851518184852
no_mux,100,1,0.11513953993264481,0,1000,239.10478115455982,0.06433838733606442,0.9034924189959033,1173.3422081170363,0.9886553219886554
no_mux,100,1,0.11513953993264481,1,1000,201.35168239614893,0.07158057686940698,0.8926291346958894,1102.4456790656634,0.9527861194527861
no_mux,100,1,0.11513953993264481,2,1000,208.7165379340695,0.06965174216783364,0.8955223867482495,1129.698899766654,0.9786186186186187
no_mux,100,1,0.11513953993264481,3,1000,285.7698678429447,0.05422202401136266,0.918666963982956,1207.5064971603856,0.9984451117784451
no_mux,100,1,0.11513953993264481,4,1000,167.93645065021636,0.07841187337312054,0.8823821899403193,1094.7813830370849,0.9412679346012679
no_mux,100,1,0.11513953993264481,5,1000,196.6899311332209,0.07353314089274124,0.889700288660888,1152.7354330239966,0.9699566232899566
no_mux,100,1,0.11513953993264481,6,1000,191.78147724202304,0.07347844479932374,0.8897823328010144,1135.064672250703,0.9735068401735069
no_mux,100,1,0.11513953993264481,7,1000,257.22194648176264,0.06237405972233176,0.9064389104165024,1220.6164311368202,0.9972238905572239
no_mux,100,1,0.11513953993264481,8,1000,171.15292264679604,0.07663688181975992,0.8850446772703602,1057.6196828456095,0.9537604270937604
no_mux,100,1,0.11513953993264481,9,1000,158.2155074884795,0.08194167452982858,0.8770874882052573,1088.9346078015906,0.8968501835168502
no_mux,100,1,0.14563484775012445,0,1000,281.8140959764653,0.06079011825868253,0.9088148226119761,1341.3458119641446,0.9959893226559893
no_mux,100,1,0.14563484775012445,1,1000,189.72246097999633,0.07678860003271208,0.8848170999509319,1199.7806076329894,0.9442375709042375
no_mux,100,1,0.14563484775012445,2,1000,250.82695255660965,0.06527067728021513,0.9020939840796773,1280.2463727648299,0.9931398064731398
no_mux,100,1,0.14563484775012445,3,1000,217.81343126097443,0.0688538608969318,0.8967192086546022,1196.8266487460608,0.9906506506506506
no_mux,100,1,0.14563484775012445,4,1000,312.8816301780937,0.05581369810608266,0.916279452840876,1360.798862163526,0.9994928261594929
no_mux,100,1,0.14563484775012445,5,1000,281.267553467084,0.06172847117781265,0.907407293233281,1332.753211532335,0.9909642976309643
no_mux,100,1,0.14563484775012445,6,1000,315.4021388579293,0.045572630361327714,0.9316410544580085,1177.9821834898205,0.9998465131798465
no_mux,100,1,0.14563484775012445,7,1000,272.9904242811393,0.06114924248475481,0.9082761362728679,1307.8465746900977,0.9961027694361028
no_mux,100,1,0.14563484775012445,8,1000,252.89794621991408,0.0653264179552812,0.9020103730670782,1295.7320530332752,0.9862262262262262
no_mux,100,1,0.14563484775012445,9,1000,286.44694099888454,0.060434422105839734,0.9093483668412405,1356.706628508989,0.9990924257590924
no_mux,100,1,0.18420699693267165,0,1000,263.91263220246697,0.06740699622048467,0.898889505669273,1403.764348982015,0.982615949282616
no_mux,100,1,0.18420699693267165,1,1000,250.1353089004756,0.06769376025332151,0.8984593596200177,1340.1667305821031,0.9829362696029362
no_mux,100,1,0.18420699693267165,2,1000,295.6281416303714,0.06329583259881992,0.9050562511017701,1458.4774318118218,0.9922188855522189
no_mux,100,1,0.18420699693267165,3,1000,341.66046523460955,0.053451112015347496,0.9198233319769787,1426.4659673307958,0.9990657323990657
no_mux,100,1,0.18420699693267165,4,1000,251.44212128915692,0.0686520330864954,0.8970219503702567,1359.153525828511,0.9749416082749416
no_mux,100,1,0.18420699693267165,5,1000,282.28193765236426,0.06331263788976273,0.905031043165356,1378.2218446167042,0.9946146146146146
no_mux,100,1,0.18420699693267165,6,1000,327.9113848949384,0.058450795393634306,0.9123238069095485,1480.3770020302725,0.9972105438772105
no_mux,100,1,0.18420699693267165,7,1000,223.40733881889716,0.07426226885755705,0.8886065967136645,1337.2385302054865,0.9514781448114782
no_mux,100,1,0.18420699693267165,8,1000,267.8528540742983,0.06386144535731574,0.9042078319640263,1328.8535431101043,0.9858124791458125
no_mux,100,1,0.18420699693267165,9,1000,258.52507284264715,0.0676697342784625,0.8984953985823064,1389.8188177652428,0.9898298298298298
no_mux,100,1,0.2329951810515372,0,1000,272.92102156822534,0.06728802012509459,0.8990679698123581,1460.0928776656938,0.9857590924257591
no_mux,100,1,0.2329951810515372,1,1000,207.50006578756415,0.07745297689826715,0.8838205346525995,1331.9792549022993,0.9305372038705372
no_mux,100,1,0.2329951810515372,2,1000,300.6301104244159,0.0642529517953892,0.9036205723069164,1526.225693382263,0.9926993660326994
no_mux,100,1,0.2329951810515372,3,1000,311.46545355243063,0.0641224361310031,0.9038163458034953,1551.0700835554815,0.9847847847847848
no_mux,100,1,0.2329951810515372,4,1000,371.83276181265643,0.054616822520950174,0.9180747662185748,1572.259723917429,0.996996996996997
no_mux,100,1,0.2329951810515372,5,1000,334.2592216740007,0.060493060018904095,0.9092604099716438,1586.361293267709,0.9955622288955622
no_mux,100,1,0.2329951810515372,6,1000,306.480536499599,0.06305384907640742,0.905419226385389,1518.9543883554263,0.9928862195528863
no_mux,100,1,0.2329951810515372,7,1000,250.9656501781329,0.071113075888447,0.8933303861673295,1420.509821541995,0.961041041041041
no_mux,100,1,0.2329951810515372,8,1000,340.74856082625627,0.05915060747509162,0.9112740887873625,1591.4470835137072,0.9977377377377378
no_mux,100,1,0.2329951810515372,9,1000,272.12723143819755,0.06734714866670607,0.898979276999941,1458.074361465891,0.9834768101434768
no_mux,100,1,0.29470517025518095,0,1000,391.8687021236899,0.05545460376551749,0.9168180943517238,1718.0668367607043,0.9993927260593928
no_mux,100,1,0.29470517025518095,1,1000,280.14276642328514,0.07009429092823777,0.8948585636076433,1562.3218124561713,0.9756623289956623
no_mux,100,1,0.29470517025518095,2,1000,321.4153461176815,0.06395042421249704,0.9040743636812545,1620.5700543789567,0.9882749416082749
no_mux,100,1,0.29470517025518095,3,1000,251.61711046843678,0.07255591015523673,0.8911661347671449,1471.3512338398025,0.9482349015682349
no_mux,100,1,0.29470517025518095,4,1000,323.7998216296756,0.06309427125886985,0.9053585931116951,1612.0482735355051,0.9924991658324992
no_mux,100,1,0.29470517025518095,5,1000,288.5327221164759,0.06722824696177926,0.8991576295573311,1533.8414312424054,0.9804738071404738
no_mux,100,1,0.29470517025518095,6,1000,339.72174033607,0.06229691927649618,0.9065546210852558,1662.3132070430295,0.9945545545545545
no_mux,100,1,0.29470517025518095,7,1000,310.3752025742324,0.06535804505795759,0.9019629324130637,1586.2512264644765,0.9843376710043377
no_mux,100,1,0.29470517025518095,8,1000,337.8700228788052,0.06173850686982043,0.9073922396952695,1626.0607156013434,0.9938805472138805
no_mux,100,1,0.29470517025518095,9,1000,282.5703528091418,0.06956301947869993,0.8956554707819502,1557.866695134993,0.9665065065065065
no_mux,100,1,0.3727593720314942,0,1000,482.7014180148757,0.049770083763305925,0.925344874355041,1933.301345874727,0.9999265932599266
no_mux,100,1,0.3727593720314942,1,1000,414.7332903107179,0.05577954675396201,0.916330679869057,1796.6653579455215,0.9974507841174508
no_mux,100,1,0.3727593720314942,2,1000,279.30843027421497,0.07082670548260393,0.8937599417760941,1596.3540069151154,0.9725592258925593
no_mux,100,1,0.3727593720314942,3,1000,276.20938317403073,0.07158698628332252,0.8926195205750164,1577.175152333345,0.9621755088421755
no_mux,100,1,0.3727593720314942,4,1000,406.6194774721259,0.057672929902442285,0.9134906051463366,1857.0377523630884,0.9994127460794128
no_mux,100,1,0.3727593720314942,5,1000,297.0946151138628,0.06911215393064214,0.8963317691040368,1605.9712582966968,0.9581314647981315
no_mux,100,1,0.3727593720314942,6,1000,578.0026785394296,0.036514235884933355,0.9452286461725998,1968.747841230393,1.0
no_mux,100,1,0.3727593720314942,7,1000,255.17270064134738,0.07334552184949784,0.8899817172257535,1531.8338798789248,0.9523857190523857
no_mux,100,1,0.3727593720314942,8,1000,276.3520341088374,0.07117089508775012,0.893243657368375,1563.3325870478416,0.9596663329996663
no_mux,100,1,0.3727593720314942,9,1000,451.520162583211,0.05417789674042001,0.91873315488937,1915.997492752835,0.9978378378378379
no_mux,100,1,0.47148663634573945,0,1000,381.678253415708,0.061609891004327115,0.9075851634935095,1831.427671484028,0.9896496496496496
no_mux,100,1,0.47148663634573945,1,1000,397.4501887705863,0.05909526318024877,0.911357105229627,1845.235043579801,0.9931131131131131
no_mux,100,1,0.47148663634573945,2,1000,404.9601611427846,0.058389630314621,0.9124155545280687,1873.9812222997841,0.9971371371371371
no_mux,100,1,0.47148663634573945,3,1000,248.73783151332984,0.07555628221921262,0.8866655766711811,1572.7450121599413,0.9507974641307975
no_mux,100,1,0.47148663634573945,4,1000,278.50473873251264,0.07090131570307708,0.8936480264453845,1597.7854675314538,0.9590790790790791
no_mux,100,1,0.47148663634573945,5,1000,395.549172490387,0.06035939059530749,0.9094609141070388,1874.1804250414443,0.9909976643309977
no_mux,100,1,0.47148663634573945,6,1000,506.33757850552047,0.05049122981255502,0.9242631552811674,2033.382881584576,0.9970503837170503
no_mux,100,1,0.47148663634573945,7,1000,281.31547327096484,0.07118220222549114,0.8932266966617632,1616.9122762568854,0.9630363697030364
no_mux,100,1,0.47148663634573945,8,1000,357.65125407865384,0.06313426238092769,0.9052986064286085,1789.6888136220214,0.993973973973974
no_mux,100,1,0.47148663634573945,9,1000,413.7181122386108,0.058061543371248046,0.9129076849431279,1877.9531765077008,0.9983516850183517
no_mux,100,1,0.5963623316594643,0,1000,507.1223179537506,0.0514160955669178,0.9228758566496233,2077.3832400016977,0.9992659325992659
no_mux,100,1,0.5963623316594643,1,1000,290.44974965534857,0.0717642729906709,0.8923535905139938,1700.714659435804,0.9619753086419753
no_mux,100,1,0.5963623316594643,2,1000,322.1580654125116,0.06815397045523339,0.8977690443171499,1747.8176937018027,0.9783383383383384
no_mux,100,1,0.5963623316594643,3,1000,315.4035329596577,0.0688306557272317,0.8967540164091525,1752.0693225459145,0.9809075742409076
no_mux,100,1,0.5963623316594643,4,1000,305.22868358852924,0.07166532369050631,0.8925020144642406,1739.3351803233331,0.9396863530196864
no_mux,100,1,0.5963623316594643,5,1000,379.1636298805153,0.06241665919571422,0.9063750112064287,1864.160869434432,0.9934601267934601
no_mux,100,1,0.5963623316594643,6,1000,296.0396917368931,0.07116359344228328,0.893254609836575,1723.723095800416,0.9748214881548215
no_mux,100,1,0.5963623316594643,7,1000,345.87301373250494,0.06641733251242017,0.9003740012313699,1796.0036224024495,0.9715382048715382
no_mux,100,1,0.5963623316594643,8,1000,334.5942570288004,0.06699977846263408,0.8995003323060489,1786.8333701478339,0.9754888221554888
no_mux,100,1,0.5963623316594643,9,1000,380.71658075557144,0.06268955866941957,0.9059656619958707,1887.3810743433235,0.9900900900900901
no_mux,100,1,0.7543120063354622,0,1000,370.40024480745944,0.06540490314089342,0.9018926452886599,1908.0758159275733,0.9791124457791125
no_mux,100,1,0.7543120063354622,1,1000,274.3011013016455,0.07499504707431591,0.8875074293885261,1713.191642289302,0.9437504170837504
no_mux,100,1,0.7543120063354622,2,1000,678.3169697937652,0.04319342891670363,0.9352098566249446,2492.3119455777646,1.0
no_mux,100,1,0.7543120063354622,3,1000,369.2865720559858,0.06542960396352152,0.9018555940547177,1907.6920509980648,0.9801468134801468
no_mux,100,1,0.7543120063354622,4,1000,324.45601712339453,0.06987585613245045,0.8951862158013244,1792.405095648892,0.9589122455789122
no_mux,100,1,0.7543120063354622,5,1000,340.14489153129966,0.06737482945100634,0.8989377558234904,1840.3141724746379,0.988048048048048
no_mux,100,1,0.7543120063354622,6,1000,306.68607992053273,0.07125766223071545,0.893113506653927,1789.2596453835379,0.9727994661327994
no_mux,100,1,0.7543120063354622,7,1000,273.69367876761555,0.07480840555262605,0.8877873916710609,1699.2868315102464,0.940900900900901
no_mux,100,1,0.7543120063354622,8,1000,453.85576192705184,0.05768864907883495,0.9134670263817477,2044.1635700441855,0.9939205872539206
no_mux,100,1,0.7543120063354622,9,1000,355.3145368724251,0.06844031011683258,0.8973395348247512,1879.9771053742586,0.9581715048381715
no_mux,100,1,0.9540954763499944,0,1000,294.6200300934537,0.07366931781861843,0.8894960232720723,1779.843770136469,0.9387187187187187
no_mux,100,1,0.9540954763499944,1,1000,328.1264390924581,0.07013876496355607,0.894791852554666,1865.5815130234623,0.9722255588922255
no_mux,100,1,0.9540954763499944,2,1000,439.13201596964234,0.061310598801036,0.908034101798446,2121.2869114324512,0.9825091758425092
no_mux,100,1,0.9540954763499944,3,1000,616.2290730949322,0.04873594165776881,0.9268960875133468,2428.5632907888585,0.999733066399733
no_mux,100,1,0.9540954763499944,4,1000,343.2217666858806,0.0682875131912199,0.8975687302131703,1906.363536482108,0.9807273940607274
no_mux,100,1,0.9540954763499944,5,1000,376.8588567850945,0.06627690119232377,0.9005846482115143,1976.4714487245144,0.9804204204204204
no_mux,100,1,0.9540954763499944,6,1000,418.3031424197626,0.06155127156815745,0.9076730926477639,2051.850782835025,0.9935335335335336
no_mux,100,1,0.9540954763499944,7,1000,447.85062708797415,0.059853044085134,0.910220433872299,2133.835684358106,0.9978645311978646
no_mux,100,1,0.9540954763499944,8,1000,347.03401007199255,0.06803511966292049,0.8979473205056191,1908.9022336626335,0.9851451451451452
no_mux,100,1,0.9540954763499944,9,1000,455.9169960440649,0.06004512949688469,0.9099323057546731,2142.2926735643796,0.9916783450116784
no_mux,100,1,1.2067926406393288,0,1000,270.5098334484056,0.07646035892501749,0.8853094616124736,1750.649163076507,0.9327594260927594
no_mux,100,1,1.2067926406393288,1,1000,571.799132538482,0.0532599995221647,0.9201100007167531,2400.333395749137,0.9961828495161829
no_mux,100,1,1.2067926406393288,2,1000,442.9614083900667,0.06208122603747694,0.9068781609437846,2145.638406025447,0.9872605939272606
no_mux,100,1,1.2067926406393288,3,1000,397.8230846806684,0.06526257954241643,0.9021061306863756,2043.779992123942,0.9831831831831832
no_mux,100,1,1.2067926406393288,4,1000,322.75963294302954,0.07128455356001741,0.8930731696599741,1879.4491305342992,0.9743943943943943
no_mux,100,1,1.2067926406393288,5,1000,432.1385078800255,0.06272308077156259,0.9059153788426562,2123.579344659656,0.9872405739072406
no_mux,100,1,1.2067926406393288,6,1000,457.70904543644417,0.06062347374395414,0.9090647893840689,2176.235209674238,0.9947147147147147
no_mux,100,1,1.2067926406393288,7,1000,319.9525226428269,0.071298443234198,0.8930523351487031,1864.3280402655864,0.9654120787454121
no_mux,100,1,1.2067926406393288,8,1000,400.53389371966784,0.06525113167627322,0.9021233024855901,2065.2101173634182,0.9807807807807808
no_mux,100,1,1.2067926406393288,9,1000,375.0425000658225,0.06664763892744227,0.9000285416088365,2010.7239473342624,0.9928661995328661
no_mux,100,1,1.5264179671752334,0,1000,324.81604525865663,0.07231704926438563,0.8915244261034215,1895.6778218949214,0.9492959626292959
no_mux,100,1,1.5264179671752334,1,1000,498.52226253058717,0.05824811200383294,0.9126278319942505,2289.6284890569304,0.9958491825158492
no_mux,100,1,1.5264179671752334,2,1000,389.37636966001395,0.06623150674103033,0.9006527398884545,2055.823893430831,0.9841708375041709
no_mux,100,1,1.5264179671752334,3,1000,514.7024087610293,0.05813112836022888,0.9128033074596567,2320.7886987901134,0.9894694694694695
no_mux,100,1,1.5264179671752334,4,1000,502.3369096374985,0.058630183600916215,0.9120547245986256,2303.165373691472,0.9966566566566567
no_mux,100,1,1.5264179671752334,5,1000,421.12319824312476,0.06421690487458584,0.9036746426881214,2119.114924524754,0.9831164497831164
no_mux,100,1,1.5264179671752334,6,1000,380.8019542363928,0.06728097119513311,0.8990785432073002,2037.2782140844693,0.9756089422756089
no_mux,100,1,1.5264179671752334,7,1000,412.5752125338736,0.06467848470536519,0.9029822729419521,2125.806906166943,0.9872138805472139
no_mux,100,1,1.5264179671752334,8,1000,331.1576954922674,0.07168044998142224,0.8924793250278669,1927.013668212023,0.9590390390390391
no_mux,100,1,1.5264179671752334,9,1000,482.93374240880195,0.059831293752030966,0.9102530593719534,2264.889962221531,0.9950750750750751
no_mux,100,1,1.9306977288832496,0,1000,382.3192140660579,0.06736300272406194,0.8989554959139072,2065.861502163532,0.9807340674007341
no_mux,100,1,1.9306977288832496,1,1000,392.8450743837198,0.06659564214654266,0.900106536780186,2086.252916277456,0.9804270937604271
no_mux,100,1,1.9306977288832496,2,1000,376.0551243871856,0.06778032172444426,0.8983295174133336,2050.482360218599,0.9772439105772439
no_mux,100,1,1.9306977288832496,3,1000,556.478487533085,0.05601551082105502,0.9159767337684174,2443.8223346669497,0.9958091424758091
no_mux,100,1,1.9306977288832496,4,1000,459.5788342117409,0.06221592190294349,0.9066761171455847,2243.239092539454,0.9888221554888221
no_mux,100,1,1.9306977288832496,5,1000,382.30654486023417,0.06777418382109254,0.898338724268361,2067.4239832302837,0.9740206873540207
no_mux,100,1,1.9306977288832496,6,1000,316.9910488624786,0.07260197248224991,0.8910970412766251,1902.6451699171562,0.9566766766766767
no_mux,100,1,1.9306977288832496,7,1000,480.64434354440436,0.06071039329113902,0.9089344100632915,2286.8271842029467,0.9899566232899566
no_mux,100,1,1.9306977288832496,8,1000,319.4966292386782,0.07339639396420065,0.8899054090536989,1918.0757353266226,0.9406206206206206
no_mux,100,1,1.9306977288832496,9,1000,543.946356651072,0.05684998195741752,0.9147250270638738,2424.5506642765845,0.9967167167167167
no_mux,100,1,2.44205309454865,0,1000,383.4989399165377,0.06822616188133343,0.897660757178,2086.8780853697835,0.9795261928595262
no_mux,100,1,2.44205309454865,1,1000,392.610829338181,0.06751683474653111,0.8987247478802034,2118.5380390785076,0.9810343677010344
no_mux,100,1,2.44205309454865,2,1000,464.78643468319945,0.06280867945598355,0.9057869808160246,2285.630969753512,0.9902302302302303
no_mux,100,1,2.44205309454865,3,1000,374.73839590523414,0.06869515006425975,0.8969572749036105,2063.6487993429196,0.9736469803136469
no_mux,100,1,2.44205309454865,4,1000,534.1936952429512,0.05797013986416302,0.9130447902037554,2434.271896834306,0.9948615281948615
no_mux,100,1,2.44205309454865,5,1000,533.7645274180247,0.05754801451414352,0.9136779782287846,2441.708479862032,0.9961695028361695
no_mux,100,1,2.44205309454865,6,1000,583.0811424117194,0.055082601612367936,0.9173760975814481,2544.6361906820957,0.9987854521187854
no_mux,100,1,2.44205309454865,7,1000,521.0300464104005,0.05869960061469852,0.9119505990779522,2422.1317809401794,0.9974574574574575
no_mux,100,1,2.44205309454865,8,1000,433.0452515152699,0.06442532174928975,0.9033620173760653,2202.519022980435,0.9865999332665999
no_mux,100,1,2.44205309454865,9,1000,423.15023084181274,0.06597058974132516,0.9010441153880123,2173.6076876955126,0.9607073740407074
no_mux,100,1,3.088843596477485,0,1000,422.3767902436073,0.06559203400863871,0.9016119489870418,2201.5978980662535,0.9862796129462796
no_mux,100,1,3.088843596477485,1,1000,526.0844667993379,0.05877830679118415,0.9118325398132238,2447.4054751522785,0.997057057057057
no_mux,100,1,3.088843596477485,2,1000,406.6233510899839,0.06683011163084064,0.8997548325537391,2165.4404173089843,0.9835435435435436
no_mux,100,1,3.088843596477485,3,1000,450.58223936240597,0.06355147940386666,0.9046727808941999,2274.0671210522123,0.9910443777110444
no_mux,100,1,3.088843596477485,4,1000,383.8896262745668,0.0692990348215584,0.8960514477676624,2107.2391538994684,0.9619419419419419
no_mux,100,1,3.088843596477485,5,1000,426.0618177802257,0.06537091085181009,0.9019436337222848,2212.194707636904,0.9841041041041041
no_mux,100,1,3.088843596477485,6,1000,371.02418303595323,0.06981724625505037,0.8952741306174243,2078.378599998877,0.9697964631297965
no_mux,100,1,3.088843596477485,7,1000,397.6831725373156,0.06823556823242186,0.8976466476513673,2145.415439891543,0.9719719719719719
no_mux,100,1,3.088843596477485,8,1000,314.0143845320345,0.07471555366787833,0.8879266694981824,1935.1213912405299,0.9364631297964632
no_mux,100,1,3.088843596477485,9,1000,361.4983011942846,0.07089543943475643,0.8936568408478652,2055.957231871504,0.9522122122122122
no_mux,100,1,3.906939937054621,0,1000,851.2949068037175,0.04450240379044484,0.9332463943143327,3170.080544596808,0.9999332665999333
no_mux,100,1,3.906939937054621,1,1000,696.5783642966136,0.05078427927660232,0.9238235810850965,2830.24432790866,0.9996863530196863
no_mux,100,1,3.906939937054621,2,1000,434.598531735465,0.06524615611795793,0.9021307658230631,2252.850933103428,0.9899632966299633
no_mux,100,1,3.906939937054621,3,1000,465.6918871845513,0.06400844595377624,0.9039873310693356,2315.202924192693,0.9844978311644978
no_mux,100,1,3.906939937054621,4,1000,578.5666327379952,0.056469250292468416,0.9152961245612974,2587.5907169454144,0.9978044711378045
no_mux,100,1,3.906939937054621,5,1000,567.2556045459565,0.05663283947438572,0.9150507407884215,2569.9482152886067,0.9989589589589589
no_mux,100,1,3.906939937054621,6,1000,432.8201623467982,0.06584236482622517,0.9012364527606623,2233.6458404950963,0.9701301301301302
no_mux,100,1,3.906939937054621,7,1000,441.8734282969461,0.06442974206152169,0.9033553869077176,2274.646235139681,0.9930263596930263
no_mux,100,1,3.906939937054621,8,1000,552.8739656803002,0.05832063712865792,0.912519044307013,2521.137174307135,0.9944544544544545
no_mux,100,1,3.906939937054621,9,1000,489.30725561041396,0.062023579232630174,0.9069646311510546,2364.4421103655077,0.989703036369703
no_mux,100,1,4.941713361323838,0,1000,384.432022604147,0.06972874189239443,0.8954068871614084,2141.3705014487955,0.9614014014014014
no_mux,100,1,4.941713361323838,1,1000,508.7847139712507,0.06074811378142387,0.9088778293278641,2443.3477189165033,0.99336002669336
no_mux,100,1,4.941713361323838,2,1000,436.9829919495408,0.06508241070387215,0.9023763839441917,2264.757049462127,0.9865732399065732
no_mux,100,1,4.941713361323838,3,1000,614.920620732535,0.05574223326493355,0.9163866501025997,2665.913815161159,0.9895495495495495
no_mux,100,1,4.941713361323838,4,1000,417.5485326620054,0.06685939867949738,0.8997109019807539,2231.9176100433415,0.979325992659326
no_mux,100,1,4.941713361323838,5,1000,406.59028895025097,0.06742973319709848,0.8988554002043523,2203.5203132413058,0.9814014014014014
no_mux,100,1,4.941713361323838,6,1000,551.0322840198946,0.05882143249643079,0.9117678512553538,2527.5393363428766,0.9978578578578579
no_mux,100,1,4.941713361323838,7,1000,608.8078244695184,0.05518457240433006,0.917223141393505,2674.3029976681632,0.9990657323990657
no_mux,100,1,4.941713361323838,8,1000,577.962588821074,0.05735203978737228,0.9139719403189417,2592.1908955057374,0.9961294627961295
no_mux,100,1,4.941713361323838,9,1000,503.0465288554624,0.06170945498911008,0.907435817516335,2431.8659324891446,0.9926192859526193
no_mux,100,1,6.250551925273976,0,1000,479.6088486299931,0.06341485523450655,0.9048777171482402,2389.7626332357204,0.9829162495829162
no_mux,100,1,6.250551925273976,1,1000,394.60442646980016,0.06890322063846058,0.8966451690423092,2189.3965154147218,0.9724057390724057
no_mux,100,1,6.250551925273976,2,1000,506.0043395787362,0.06177436219524285,0.9073384567071359,2446.053056980274,0.9867267267267267
no_mux,100,1,6.250551925273976,3,1000,552.7730342012765,0.059090735436599526,0.9113638968451007,2565.207774571663,0.9909843176509843
no_mux,100,1,6.250551925273976,4,1000,542.8216916451963,0.060082680559776905,0.9098759791603346,2533.4371392618523,0.9935068401735069
no_mux,100,1,6.250551925273976,5,1000,884.7906989301432,0.04458986751339405,0.933115198729909,3298.682477968867,0.9999532866199533
no_mux,100,1,6.250551925273976,6,1000,457.7114709936214,0.06495860328618593,0.902562095070721,2337.9866115340456,0.9798998998998999
no_mux,100,1,6.250551925273976,7,1000,597.0399523130955,0.057326049675495004,0.9140109254867573,2666.717004018351,0.991664998331665
no_mux,100,1,6.250551925273976,8,1000,378.1303996786304,0.06958422843788027,0.8956236573431795,2143.9300811983985,0.9781247914581248
no_mux,100,1,6.250551925273976,9,1000,576.4628016314916,0.057533896983375084,0.9136991545249374,2609.74665615655,0.995281948615282
no_mux,100,1,7.9060432109077015,0,1000,361.8993304109309,0.07093894513825963,0.8935915822926104,2120.162820695883,0.9686886886886887
no_mux,100,1,7.9060432109077015,1,1000,368.74136423067955,0.0710127751762742,0.8934808372355888,2132.9343649909383,0.9637103770437104
no_mux,100,1,7.9060432109077015,2,1000,319.59918555923815,0.07640561667973614,0.8853915749803959,2000.1080495566525,0.9046246246246247
no_mux,100,1,7.9060432109077015,3,1000,425.0443443727598,0.06748517306323899,0.8987722404051416,2270.143646059362,0.9748815482148816
no_mux,100,1,7.9060432109077015,4,1000,471.9419624323314,0.06425192541011435,0.9036221118848284,2386.2893583243676,0.9847647647647647
no_mux,100,1,7.9060432109077015,5,1000,414.9767294620085,0.06756732055126619,0.8986490191731007,2250.5149573764174,0.9861194527861195
no_mux,100,1,7.9060432109077015,6,1000,459.0470494525266,0.06499273031746651,0.9025109045238001,2359.34012506201,0.984984984984985
no_mux,100,1,7.9060432109077015,7,1000,603.5110875237541,0.05663305491877085,0.9150504176218436,2694.7939546513962,0.992339005672339
no_mux,100,1,7.9060432109077015,8,1000,461.23182778421204,0.06423557676112344,0.9036466348583149,2362.2693686210637,0.9917584250917584
no_mux,100,1,7.9060432109077015,9,1000,333.77176870163026,0.07426846719222711,0.8885972992116594,2038.7878274852778,0.9286886886886887
no_mux,100,1,10.0,0,1000,371.90213757773944,0.07098520836241673,0.8935221874563748,2152.409444501101,0.965331998665332
no_mux,100,1,10.0,1,1000,342.4386244277816,0.07323000352269354,0.8901549947159596,2081.2280001592003,0.9559626292959627
no_mux,100,1,10.0,2,1000,541.760812864508,0.05962758287481169,0.9105586256877826,2563.674253951635,0.9980046713380046
no_mux,100,1,10.0,3,1000,509.50832046895545,0.06188375107743285,0.9071743733838507,2491.0041032147374,0.9947414080747414
no_mux,100,1,10.0,4,1000,1035.296560670557,0.04057515760749131,0.939137263588763,3667.9863476070072,0.9999933266599933
no_mux,100,1,10.0,5,1000,359.7918117249299,0.07201223309493862,0.891981650357592,2122.4813790976577,0.9516182849516183
no_mux,100,1,10.0,6,1000,607.2827382814464,0.0567536728184063,0.9148694907723907,2716.2238182361407,0.9979312645979312
no_mux,100,1,10.0,7,1000,460.64879464177784,0.06540458348794008,0.9018931247680897,2365.276964324705,0.9835568902235569
no_mux,100,1,10.0,8,1000,362.2295029138904,0.07210559205480488,0.8918416119177928,2125.303803965868,0.9474207540874208
no_mux,100,1,10.0,9,1000,451.642055102736,0.0653766700977119,0.9019349948534321,2350.8165712124423,0.9854921588254921
mux20,1000,20,0.0001,0,1000,19.271714055001365,0.04660556689887481,0.9300916496516879,55.23604043543779,0.006119452786119453
mux20,1000,20,0.0001,1,1000,20.049338469106036,0.037640287629527314,0.9435395685557091,55.2369456899471,0.004457791124457791
mux20,1000,20,0.0001,2,1000,20.765538664077443,0.04787969906211299,0.9281804514068305,57.20923622999589,0.0053720387053720385
mux20,1000,20,0.0001,3,1000,19.955483600955237,0.05497919184212675,0.9175312122368099,57.74077485441366,0.007774441107774441
mux20,1000,20,0.0001,4,1000,19.031367842823386,0.04951956908702224,0.9257206463694666,53.9902696563093,0.005892559225892559
mux20,1000,20,0.0001,5,1000,17.617688698932785,0.05245991628093189,0.9213101255786021,49.09991533480659,0.005005005005005005
mux20,1000,20,0.0001,6,1000,13.047752952214914,0.050971171914464694,0.923543242128303,36.72615515862698,0.0045645645645645645
mux20,1000,20,0.0001,7,1000,23.160698542832733,0.0717678791518037,0.8923481812722944,67.370857645554,0.00910910910910911
mux20,1000,20,0.0001,8,1000,24.086878214609392,0.05052385077615473,0.9242142238357678,68.46303581770339,0.0073740407073740405
mux20,1000,20,0.0001,9,1000,15.47059796516034,0.046781257732739764,0.9298281134008902,43.449948203318044,0.004724724724724725
mux20,1000,20,0.00012648552168552957,0,1000,24.7845785333437,0.04716202040372073,0.929256969394419,70.66992261646577,0.00711378044711378
mux20,1000,20,0.00012648552168552957,1,1000,21.91713925569732,0.13511815969634308,0.7973227604554853,67.96531203543279,0.01079079079079079
mux20,1000,20,0.00012648552168552957,2,1000,28.001672869457874,0.06450833772449534,0.9032374934132571,82.55026965990645,0.012058725392058725
mux20,1000,20,0.00012648552168552957,3,1000,21.50227563591575,0.08018141267075873,0.879727880993862,63.617675434013016,0.00960960960960961
mux20,1000,20,0.00012648552168552957,4,1000,25.025871754595666,0.060192431958846646,0.9097113520617301,72.62262061120583,0.009095762429095763
mux20,1000,20,0.00012648552168552957,5,1000,25.825102001436925,0.08161188511160296,0.8775821723325955,77.21840045135484,0.010036703370036704
mux20,1000,20,0.00012648552168552957,6,1000,27.47025609424104,0.0932743641351371,0.8600884537972945,82.81448129186187,0.011664998331664999
mux20,1000,20,0.00012648552168552957,7,1000,23.9365354914083,0.06060504726847034,0.9090924290972944,69.38414856028395,0.008034701368034702
mux20,1000,20,0.00012648552168552957,8,1000,24.164823468222384,0.07528200944175047,0.8870769858373744,69.47454125950053,0.008194861528194862
mux20,1000,20,0.00012648552168552957,9,1000,27.185557947336473,0.07986521648419279,0.8802021752737108,80.70503796001712,0.009476142809476142
mux20,1000,20,0.00015998587196060574,0,1000,31.52193882439835,0.07312282712748214,0.8903157593087768,95.06472370975023,0.012552552552552552
mux20,1000,20,0.00015998587196060574,1,1000,27.32873970408727,0.0644485040889304,0.9033272438666045,81.99827392015588,0.010824157490824158
mux20,1000,20,0.00015998587196060574,2,1000,23.86377693369502,0.07417190787719057,0.8887421381842142,70.73366797064249,0.011398064731398065
mux20,1000,20,0.00015998587196060574,3,1000,33.85169797446444,0.09239506417394837,0.8614074037390773,104.59669904827699,0.01644310977644311
mux20,1000,20,0.00015998587196060574,4,1000,27.496966227827663,0.06347649143672025,0.9047852628449196,80.15616376578745,0.01025025025025025
mux20,1000,20,0.00015998587196060574,5,1000,21.05728414872583,0.06540325269768513,0.9018951209534722,62.26262035931889,0.009242575909242576
mux20,1000,20,0.00015998587196060574,6,1000,28.202068024854416,0.07393793759082384,0.8890930936137642,85.31388110166647,0.011991991991991992
mux20,1000,20,0.00015998587196060574,7,1000,30.84057450814407,0.06743657091899631,0.8988451436215055,90.47627804980047,0.00916916916916917
mux20,1000,20,0.00015998587196060574,8,1000,30.389563255521903,0.09704592483383417,0.8544311127492489,93.45054576651214,0.01508174841508175
mux20,1000,20,0.00015998587196060574,9,1000,28.12273315864332,0.07217351141533034,0.8917397328770045,85.36307386656908,0.01260593927260594
mux20,1000,20,0.00020235896477251576,0,1000,32.547037396502866,0.08664756127157348,0.8700286580926397,102.07840472309508,0.016269602936269605
mux20,1000,20,0.00020235896477251576,1,1000,36.05370993250249,0.15296383548260847,0.7705542467760872,119.4196981814137,0.0206006006006006
mux20,1000,20,0.00020235896477251576,2,1000,33.844303890036535,0.14751486442866227,0.7787277033570066,109.39717757278048,0.01612278945612279
mux20,1000,20,0.00020235896477251576,3,1000,34.792585754548035,0.06586792788173021,0.9011981081774048,104.30267416789272,0.014434434434434434
mux20,1000,20,0.00020235896477251576,4,1000,31.87698685629854,0.15520645425694332,0.767190318614585,101.40258270013851,0.016036036036036035
mux20,1000,20,0.00020235896477251576,5,1000,30.38775002955824,0.09225169185208282,0.8616224622218759,95.17580975772454,0.016329662996329663
mux20,1000,20,0.00020235896477251576,6,1000,25.828798092492274,0.06868306750058638,0.8969753987491204,76.78153306367865,0.011951951951951952
mux20,1000,20,0.00020235896477251576,7,1000,31.06181470482161,0.07927101078142189,0.8810934838278671,95.10633607757053,0.01514180847514181
mux20,1000,20,0.00020235896477251576,8,1000,23.38084506505713,0.07317694696015872,0.8902345795597619,71.31756648164561,0.010964297630964298
mux20,1000,20,0.00020235896477251576,9,1000,26.21733427807007,0.14286400808580024,0.7857039878712996,86.5796492818561,0.014507841174507841
mux20,1000,20,0.0002559547922699536,0,1000,39.0096945961412,0.10243601847932503,0.8463459722810126,128.4340324309363,0.019132465799132466
mux20,1000,20,0.0002559547922699536,1,1000,43.68135500170377,0.09764414818237727,0.853533777726434,145.3180592496966,0.02425091758425092
mux20,1000,20,0.0002559547922699536,2,1000,39.16731841342439,0.0926856969018965,0.8609714546471553,128.87883157037717,0.021368034701368034
mux20,1000,20,0.0002559547922699536,3,1000,40.727642029940384,0.1033786485914044,0.8449320271128933,136.5429634660924,0.02425759092425759
mux20,1000,20,0.0002559547922699536,4,1000,38.2846156635947,0.11595784765509197,0.826063228517362,124.8212308186412,0.019599599599599598
mux20,1000,20,0.0002559547922699536,5,1000,45.545416644223614,0.07380557362800373,0.8892916395579944,143.99705678954174,0.022736069402736068
mux20,1000,20,0.0002559547922699536,6,1000,39.922869725078165,0.14151015298938743,0.787734770515919,141.03231886801507,0.025478812145478813
mux20,1000,20,0.0002559547922699536,7,1000,41.835859729532146,0.08710198208485906,0.8693470268727115,134.67898584820557,0.02313646980313647
mux20,1000,20,0.0002559547922699536,8,1000,35.72529803853947,0.10769807637190175,0.8384528854421474,117.0803072891298,0.0202002002002002
mux20,1000,20,0.0002559547922699536,9,1000,39.18744958849183,0.11659817323317728,0.825102740150234,132.7058761268472,0.02435769102435769
mux20,1000,20,0.00032374575428176434,0,1000,49.470140058615435,0.1774163971656047,0.7338754042515929,196.36778157297113,0.04094761428094761
mux20,1000,20,0.00032374575428176434,1,1000,52.39959718737981,0.1918098129528716,0.7122852805706926,216.2925387180895,0.03427427427427428
mux20,1000,20,0.00032374575428176434,2,1000,35.25074521522039,0.08420995057749772,0.8736850741337534,111.9333478083369,0.017917917917917917
mux20,1000,20,0.00032374575428176434,3,1000,46.66051820779052,0.1396378533676017,0.7905432199485976,172.02757333958903,0.03083083083083083
mux20,1000,20,0.00032374575428176434,4,1000,48.31208676391082,0.17253900767453123,0.7411914884882032,173.4405632313895,0.02857524190857524
mux20,1000,20,0.00032374575428176434,5,1000,54.188429658454794,0.22934377902110994,0.6559843314683351,227.20197402444524,0.038324991658324994
mux20,1000,20,0.00032374575428176434,6,1000,53.54231162147078,0.16209698179623303,0.7568545273056505,194.14654177040862,0.03234567901234568
mux20,1000,20,0.00032374575428176434,7,1000,44.844012726532824,0.13841426690295305,0.7923785996455703,160.03005457603717,0.026239572906239572
mux20,1000,20,0.00032374575428176434,8,1000,50.59944032905291,0.11002482580779889,0.8349627612883017,174.97310549612598,0.030216883550216882
mux20,1000,20,0.00032374575428176434,9,1000,48.12708087681206,0.13427801699801034,0.7985829745029845,169.25199772466152,0.03352686019352686
mux20,1000,20,0.00040949150623804275,0,1000,57.84738034271932,0.15272275910672578,0.7709158613399113,225.1175287426194,0.03925258591925258
mux20,1000,20,0.00040949150623804275,1,1000,46.24201883891417,0.15953497519193102,0.7606975372121033,167.13877790282766,0.02762762762762763
mux20,1000,20,0.00040949150623804275,2,1000,59.243401674705424,0.23935011087976707,0.6409748336803494,274.80604427666,0.04657991324657991
mux20,1000,20,0.00040949150623804275,3,1000,55.55582869737553,0.1922705515550511,0.7115941726674233,225.5369566493705,0.04032699366032699
mux20,1000,20,0.00040949150623804275,4,1000,54.791201482158876,0.10731197611562426,0.8390320358265637,192.05603935422369,0.034314314314314316
mux20,1000,20,0.00040949150623804275,5,1000,56.48396764957205,0.21786414164671625,0.6732037875299257,235.54003039812775,0.04503837170503837
mux20,1000,20,0.00040949150623804275,6,1000,56.04831625900453,0.19309821375258424,0.7103526793711237,225.02483515400905,0.037237237237237236
mux20,1000,20,0.00040949150623804275,7,1000,47.678987185632074,0.18966395770958439,0.7155040634356234,197.30970300814872,0.04104771438104771
mux20,1000,20,0.00040949150623804275,8,1000,62.904442084337575,0.21485725830459884,0.6777141125431017,296.7100944765288,0.05755755755755756
mux20,1000,20,0.00040949150623804275,9,1000,63.68300241739454,0.16741152015896718,0.7488827197615492,246.61868842445858,0.04214881548214881
mux20,1000,20,0.0005179474679231213,0,1000,63.50061475167821,0.22724905254946293,0.6591264211758056,288.75309424175026,0.04619953286619953
mux20,1000,20,0.0005179474679231213,1,1000,69.73426288196401,0.2525923818985968,0.6211114271521048,335.14070849678507,0.060266933600266935
mux20,1000,20,0.0005179474679231213,2,1000,54.24506520824921,0.21586882284439646,0.6761967657334053,240.23251677232304,0.037050383717050384
mux20,1000,20,0.0005179474679231213,3,1000,51.97258697257852,0.16602452163707554,0.7509632175443867,203.32457081981585,0.041548214881548216
mux20,1000,20,0.0005179474679231213,4,1000,73.18519247237472,0.1916052955790308,0.7125920566314539,341.70780995455715,0.0606006006006006
mux20,1000,20,0.0005179474679231213,5,1000,87.15599974130447,0.25833493116864836,0.6124976032470274,428.769679997823,0.06892225558892226
mux20,1000,20,0.0005179474679231213,6,1000,79.68915513917817,0.27303477643467045,0.5904478353479944,408.1563510002151,0.06760093426760093
mux20,1000,20,0.0005179474679231213,7,1000,73.62887050054995,0.22481096636610004,0.6627835504508499,306.44520814980365,0.04938938938938939
mux20,1000,20,0.0005179474679231213,8,1000,69.5425851451755,0.23339485084597966,0.6499077237310306,322.76014151678163,0.057991324657991325
mux20,1000,20,0.0005179474679231213,9,1000,67.13085813620248,0.19893809363183343,0.7015928595522499,285.15240255797374,0.04984984984984985
mux20,1000,20,0.0006551285568595509,0,1000,75.97662430232965,0.1826678801015029,0.7259981798477457,401.39186264450905,0.08328328328328329
mux20,1000,20,0.0006551285568595509,1,1000,82.01415481619094,0.23189274642628926,0.6521608803605661,514.6615725743999,0.07741741741741742
mux20,1000,20,0.0006551285568595509,2,1000,70.54320318171965,0.2224011332782583,0.6663983000826126,381.13267210148166,0.07097097097097096
mux20,1000,20,0.0006551285568595509,3,1000,80.61694718139486,0.22132156584659585,0.6680176512301061,414.6315993596925,0.08126126126126126
mux20,1000,20,0.0006551285568595509,4,1000,80.43031597840863,0.21725866528526844,0.6741120020720973,499.8007246692645,0.08132132132132132
mux20,1000,20,0.0006551285568595509,5,1000,89.44261219998003,0.21772592337786686,0.6734111149331996,452.49412015655236,0.0821755088421755
mux20,1000,20,0.0006551285568595509,6,1000,75.40575915140597,0.21851223678307247,0.6722316448253913,399.33259933584407,0.07024357691024358
mux20,1000,20,0.0006551285568595509,7,1000,88.98189468339899,0.2112482085549343,0.6831276871675986,497.3525063928925,0.07789122455789123
mux20,1000,20,0.0006551285568595509,8,1000,97.56882893441583,0.15607026220597997,0.7658946066910302,462.8900379473648,0.08586586586586586
mux20,1000,20,0.0006551285568595509,9,1000,71.43306668981116,0.15150308247910868,0.7727453762813371,322.80302716912746,0.05724391057724391
mux20,1000,20,0.0008286427728546842,0,1000,99.02898868620406,0.18557429116404708,0.7216385632539294,609.1519263068926,0.0991458124791458
mux20,1000,20,0.0008286427728546842,1,1000,105.59280078311622,0.1825319008777937,0.7262021486833095,569.1012693066048,0.1132932932932933
mux20,1000,20,0.0008286427728546842,2,1000,101.9667250948674,0.18088886868368748,0.7286666969744687,614.0893707629866,0.11227227227227227
mux20,1000,20,0.0008286427728546842,3,1000,86.82500192290696,0.19403051459044132,0.7089542281143381,467.337003873558,0.07590924257590924
mux20,1000,20,0.0008286427728546842,4,1000,105.04044035449301,0.18931965418614144,0.7160205187207879,596.6330279239015,0.11712379045712379
mux20,1000,20,0.0008286427728546842,5,1000,123.52805530188171,0.18041449559557576,0.7293782566066364,726.6008265282825,0.139325992659326
mux20,1000,20,0.0008286427728546842,6,1000,98.72604545857412,0.21015588787969983,0.6847661681804501,531.5637027599971,0.07558892225558893
mux20,1000,20,0.0008286427728546842,7,1000,115.63975139352961,0.18252512554956424,0.7262123116756536,712.7690107244515,0.11760427093760427
mux20,1000,20,0.0008286427728546842,8,1000,119.81889816025792,0.20851578697119133,0.6872263195432131,671.1351789186828,0.10745412078745412
mux20,1000,20,0.0008286427728546842,9,1000,113.50329193235994,0.18133385982982547,0.7279992102552618,669.5294061319944,0.12523857190523857
mux20,1000,20,0.0010481131341546852,0,1000,131.73792418527265,0.16817219670301026,0.7477417049454845,863.7534553069204,0.13970637303970637
mux20,1000,20,0.0010481131341546852,1,1000,138.6636257372979,0.16530935981056988,0.752035960284145,840.9717751176843,0.15456122789456123
mux20,1000,20,0.0010481131341546852,2,1000,120.80916163661847,0.1613658197940119,0.7579512703089821,793.0552095260422,0.15257924591257924
mux20,1000,20,0.0010481131341546852,3,1000,152.00718377370117,0.16317340889783682,0.7552398866532448,1000.2573053144804,0.16434434434434433
mux20,1000,20,0.0010481131341546852,4,1000,92.6727650207973,0.1592402481104676,0.7611396278342987,516.7139600194519,0.13057724391057723
mux20,1000,20,0.0010481131341546852,5,1000,144.37926931237251,0.15755503191063308,0.7636674521340503,862.981799387169,0.16574574574574574
mux20,1000,20,0.0010481131341546852,6,1000,136.2836432935238,0.1548907373192446,0.7676638940211331,849.3127309958417,0.164351017684351
mux20,1000,20,0.0010481131341546852,7,1000,121.90086485870918,0.1710111611591012,0.7434832582613481,773.5117650403536,0.13019686353019685
mux20,1000,20,0.0010481131341546852,8,1000,116.01842098301142,0.15815889550291207,0.7627616567456319,703.8735323873542,0.1549416082749416
mux20,1000,20,0.0010481131341546852,9,1000,93.42620964375192,0.1666604656428837,0.7500093015356746,556.3115618731306,0.12308308308308308
mux20,1000,20,0.0013257113655901094,0,1000,155.56997524305658,0.15227412640197557,0.7715888103970366,1060.1721587300317,0.19008341675008342
mux20,1000,20,0.0013257113655901094,1,1000,168.73408820271263,0.13413184382276502,0.7988022342658525,1160.1735728497476,0.2481081081081081
mux20,1000,20,0.0013257113655901094,2,1000,171.13549218306426,0.14328921249445403,0.7850661812583188,1077.1282680505142,0.2244844844844845
mux20,1000,20,0.0013257113655901094,3,1000,158.75642314239423,0.1500130625546953,0.7749804061679572,1050.0476811132996,0.19168501835168503
mux20,1000,20,0.0013257113655901094,4,1000,141.58331699471998,0.1528347705403519,0.7707478441894722,961.9669969224504,0.16427761094427762
mux20,1000,20,0.0013257113655901094,5,1000,157.23324155544455,0.13983680218986078,0.7902447967152088,1037.7980051711133,0.21373373373373372
mux20,1000,20,0.0013257113655901094,6,1000,150.16937814240703,0.1485505839151487,0.777174124127277,1021.4262622144917,0.18040707374040707
mux20,1000,20,0.0013257113655901094,7,1000,168.58355860769436,0.13967624734228323,0.7904856289865752,1051.2260483834327,0.2034834834834835
mux20,1000,20,0.0013257113655901094,8,1000,140.20286587454947,0.15390629077333923,0.7691405638399913,973.5526896028682,0.1741675008341675
mux20,1000,20,0.0013257113655901094,9,1000,154.9467284643306,0.16275082861804652,0.7558737570729303,1049.9764472974812,0.1825291958625292
mux20,1000,20,0.0016768329368110084,0,1000,164.0753241988311,0.13339329873688466,0.7999100518946729,1102.9537461160153,0.2443843843843844
mux20,1000,20,0.0016768329368110084,1,1000,175.2042927943756,0.13657863601478873,0.795132045977817,1110.7857106998458,0.2513713713713714
mux20,1000,20,0.0016768329368110084,2,1000,209.61119725865817,0.13500353312946656,0.7974947003058002,1399.018985667692,0.2623957290623957
mux20,1000,20,0.0016768329368110084,3,1000,108.18744580150617,0.16190861461455439,0.7571370780781684,684.3016024995558,0.10668668668668668
mux20,1000,20,0.0016768329368110084,4,1000,175.55973747785555,0.14088974749698793,0.7886653787545181,1251.7274477389512,0.21027027027027026
mux20,1000,20,0.0016768329368110084,5,1000,196.18943948092283,0.12569036462191002,0.811464453067135,1307.962319422749,0.28694694694694695
mux20,1000,20,0.0016768329368110084,6,1000,200.1682871437183,0.15073211745841011,0.7739018238123849,1374.3626058050104,0.19543543543543543
mux20,1000,20,0.0016768329368110084,7,1000,190.54403843771973,0.138976713549677,0.7915349296754844,1245.1236768456124,0.23068401735068403
mux20,1000,20,0.0016768329368110084,8,1000,223.43764803939717,0.13771386137504024,0.7934292079374397,1568.7507791079474,0.248008008008008
mux20,1000,20,0.0016768329368110084,9,1000,179.8217333480478,0.13152288191922812,0.8027156771211578,1206.0792234709609,0.24895562228895562
mux20,1000,20,0.0021209508879201904,0,1000,234.09642512869746,0.12317734367263009,0.8152339844910549,1549.2476496877207,0.33683016349683015
mux20,1000,20,0.0021209508879201904,1,1000,223.4875926700592,0.13086437539292928,0.8037034369106061,1533.1282835034167,0.28875542208875543
mux20,1000,20,0.0021209508879201904,2,1000,217.9714079956661,0.13090849183048983,0.8036372622542653,1609.247883116335,0.29100433767100436
mux20,1000,20,0.0021209508879201904,3,1000,208.31168837913194,0.1301387289479439,0.8047919065780842,1480.2564675179374,0.26860860860860863
mux20,1000,20,0.0021209508879201904,4,1000,219.82871229044147,0.1291797355063638,0.8062303967404543,1550.6455938429992,0.28071404738071404
mux20,1000,20,0.0021209508879201904,5,1000,223.79217630506182,0.12461551154288841,0.8130767326856674,1556.0273730564666,0.3299232565899233
mux20,1000,20,0.0021209508879201904,6,1000,230.8060234522821,0.11872252978204625,0.8219162053269307,1538.8132437098798,0.34649315982649315
mux20,1000,20,0.0021209508879201904,7,1000,234.05378614076483,0.1225497184633277,0.8161754223050084,1620.2667235502315,0.32383717050383715
mux20,1000,20,0.0021209508879201904,8,1000,230.9955502921932,0.1233584277486093,0.8149623583770859,1543.1653656405229,0.30960293626960295
mux20,1000,20,0.0021209508879201904,9,1000,227.47904296182844,0.1306251094351727,0.804062335847241,1638.024105529005,0.269049049049049
mux20,1000,20,0.002682695795279727,0,1000,264.8523808542741,0.10287464434377987,0.8456880334843302,1504.4264191083423,0.395015015015015
mux20,1000,20,0.002682695795279727,1,1000,331.09252347605155,0.11241217721216215,0.8313817341817568,2206.02292434875,0.44866866866866867
mux20,1000,20,0.002682695795279727,2,1000,297.0697469097003,0.11973070389712608,0.8204039441543108,2232.497938853131,0.3765098431765098
mux20,1000,20,0.002682695795279727,3,1000,264.30574625587934,0.10827116163792432,0.8375932575431135,1662.2590830928352,0.41115115115115114
mux20,1000,20,0.002682695795279727,4,1000,326.264634943725,0.1082664149166751,0.8376003776249874,2047.5307962326547,0.4449783116449783
mux20,1000,20,0.002682695795279727,5,1000,265.2773144175092,0.11779777935327392,0.8233033309700891,1787.5422653029984,0.36353687020353687
mux20,1000,20,0.002682695795279727,6,1000,345.43733247288543,0.10274452159639194,0.8458832176054122,2139.128587033752,0.5432766099432766
mux20,1000,20,0.002682695795279727,7,1000,306.3417065647343,0.10790932157399395,0.8381360176390092,1858.961936008915,0.45691024357691024
mux20,1000,20,0.002682695795279727,8,1000,299.02615030279924,0.11752689419063522,0.8237096587140471,2090.729714303063,0.389336002669336
mux20,1000,20,0.002682695795279727,9,1000,268.0373199443598,0.11860127540415041,0.8220980868937744,1907.727390744568,0.365331998665332
mux20,1000,20,0.00339322177189533,0,1000,407.4555446269759,0.10509258152663438,0.8423611277100485,2628.449556992232,0.5093760427093761
mux20,1000,20,0.00339322177189533,1,1000,404.48358922996914,0.10584698780043837,0.8412295182993424,2665.343984862046,0.5126059392726059
mux20,1000,20,0.00339322177189533,2,1000,344.46625734077276,0.10875894139831031,0.8368615879025345,2260.149004335178,0.4571438104771438
mux20,1000,20,0.00339322177189533,3,1000,401.20515362224154,0.10431611192285918,0.8435258321157113,2543.832398815252,0.5200734067400734
mux20,1000,20,0.00339322177189533,4,1000,397.170849050904,0.10687704214887495,0.8396844367766876,2663.4811880744946,0.5022822822822823
mux20,1000,20,0.00339322177189533,5,1000,387.9031179783963,0.10323641271010363,0.8451453809348446,2466.7549210908946,0.5420086753420087
mux20,1000,20,0.00339322177189533,6,1000,352.04506137284204,0.10395350988246324,0.844069735176305,2152.1340368530673,0.4482349015682349
mux20,1000,20,0.00339322177189533,7,1000,384.18615345586886,0.0971680590599961,0.8542479114100059,2344.162711887394,0.5634300967634301
mux20,1000,20,0.00339322177189533,8,1000,404.4843316758054,0.1030555662909358,0.8454166505635964,2528.980944589361,0.5317450784117451
mux20,1000,20,0.00339322177189533,9,1000,325.09980057331,0.1030686465341678,0.8453970301987482,2154.712898374673,0.5022822822822823
mux20,1000,20,0.004291934260128779,0,1000,409.08899143273356,0.11169231545604953,0.8324615268159258,3039.4983832946014,0.4675809142475809
mux20,1000,20,0.004291934260128779,1,1000,457.33297593769845,0.09430693739738766,0.8585395939039185,2823.624018437975,0.6699766433099766
mux20,1000,20,0.004291934260128779,2,1000,394.3173837994715,0.10740319010078872,0.8388952148488169,2876.2653593553127,0.5192192192192192
mux20,1000,20,0.004291934260128779,3,1000,438.30685163166487,0.09657561783494362,0.8551365732475845,2664.4299670572677,0.5918852185518853
mux20,1000,20,0.004291934260128779,4,1000,488.43129809565136,0.09886616716917247,0.8517007492462413,3267.188012956622,0.6191991991991992
mux20,1000,20,0.004291934260128779,5,1000,411.0784014053503,0.10873607670354697,0.8368958849446795,2889.5740348722875,0.48103436770103436
mux20,1000,20,0.004291934260128779,6,1000,351.12892091765974,0.10764577408988342,0.8385313388651748,2403.6282393338433,0.43354688021354687
mux20,1000,20,0.004291934260128779,7,1000,424.9414154490748,0.09990563034202354,0.8501415544869647,2665.384123918734,0.5825091758425092
mux20,1000,20,0.004291934260128779,8,1000,395.4075411542305,0.10206637726714173,0.8469004340992875,2621.988412473365,0.509315982649316
mux20,1000,20,0.004291934260128779,9,1000,393.3678007460823,0.09476716533261159,0.8578492520010826,2440.602944476346,0.5927660994327661
mux20,1000,20,0.005428675439323859,0,1000,394.0096630534622,0.09259055146991564,0.8611141727951266,2365.479838205033,0.5102635969302636
mux20,1000,20,0.005428675439323859,1,1000,539.0145992058261,0.09433020538160869,0.8585046919275869,3382.5096534098216,0.6554287620954288
mux20,1000,20,0.005428675439323859,2,1000,567.4705795854036,0.09091348992117562,0.8636297651182365,3514.133892219022,0.7254054054054054
mux20,1000,20,0.005428675439323859,3,1000,486.9717322778461,0.1029019898747039,0.8456470151879442,3529.6645673616654,0.5717851184517851
mux20,1000,20,0.005428675439323859,4,1000,509.5611580252922,0.09822339916632472,0.8526649012505129,3419.231292300688,0.6223423423423423
mux20,1000,20,0.005428675439323859,5,1000,471.6773348489476,0.0927803866002842,0.8608294200995737,2842.8985540206895,0.5858124791458125
mux20,1000,20,0.005428675439323859,6,1000,512.1410664409531,0.09778973700273307,0.8533153944959004,3291.762956300217,0.6021221221221221
mux20,1000,20,0.005428675439323859,7,1000,535.2336909021271,0.09326082153494177,0.8601087676975874,3362.6472318622755,0.6999132465799133
mux20,1000,20,0.005428675439323859,8,1000,499.4314900567859,0.09741159986778337,0.853882600198325,3307.031558093269,0.6370837504170838
mux20,1000,20,0.005428675439323859,9,1000,519.3438775410283,0.09880160232796108,0.8517975965080583,3513.7994029612028,0.6220687354020688
mux20,1000,20,0.006866488450042998,0,1000,666.2657224510176,0.08568354937834721,0.8714746759324792,4042.1421557253498,0.7948348348348349
mux20,1000,20,0.006866488450042998,1,1000,600.2055274811073,0.09026915698048066,0.864596264529279,3749.0798593488407,0.716896896896897
mux20,1000,20,0.006866488450042998,2,1000,691.4245829651356,0.0949940395273499,0.8575089407089752,4662.359991255245,0.6935802469135802
mux20,1000,20,0.006866488450042998,3,1000,686.5231625322805,0.08619880199443694,0.8707017970083446,4103.410353318554,0.8042909576242909
mux20,1000,20,0.006866488450042998,4,1000,616.9044496645703,0.09301332665605108,0.8604800100159234,3917.5420931266244,0.6599399399399399
mux20,1000,20,0.006866488450042998,5,1000,653.1768121366908,0.09145618892473076,0.8628157166129039,4214.344175525046,0.7373506840173507
mux20,1000,20,0.006866488450042998,6,1000,700.4666202566476,0.08568871228055827,0.8714669315791626,4216.82387871598,0.8130997664330998
mux20,1000,20,0.006866488450042998,7,1000,684.1250876172983,0.08950039867504177,0.8657494019874373,4439.324770610733,0.7458591925258592
mux20,1000,20,0.006866488450042998,8,1000,675.7763030840995,0.09211155013360459,0.8618326747995931,4572.338983652343,0.7459726393059727
mux20,1000,20,0.006866488450042998,9,1000,641.5606030115359,0.08932362294667849,0.8660145655799822,4232.927831835283,0.7537203870537204
mux20,1000,20,0.008685113737513529,0,1000,848.4702026650046,0.08407640760081299,0.8738853885987805,4948.412173139652,0.8150617283950617
mux20,1000,20,0.008685113737513529,1,1000,683.0270992806227,0.0932309996406719,0.8601535005389921,4762.2723592061175,0.7384851518184852
mux20,1000,20,0.008685113737513529,2,1000,740.4025504592826,0.09408870239842733,0.8588669464023589,5068.292826384607,0.6841708375041708
mux20,1000,20,0.008685113737513529,3,1000,836.5795844803548,0.08230834699650458,0.8765374795052431,4965.976078110882,0.8620153486820153
mux20,1000,20,0.008685113737513529,4,1000,819.646248351842,0.08404463809399756,0.8739330428590038,5069.910871634356,0.84661995328662
mux20,1000,20,0.008685113737513529,5,1000,857.3546927482732,0.0852713382522389,0.8720929926216416,5429.194536243056,0.8238638638638639
mux20,1000,20,0.008685113737513529,6,1000,767.0221518743141,0.08688716021319853,0.8696692596802021,4819.736636326926,0.7964297630964298
mux20,1000,20,0.008685113737513529,7,1000,691.8533463702428,0.08138246576686305,0.8779263013497054,3911.224009406236,0.7503236569903237
mux20,1000,20,0.008685113737513529,8,1000,906.2941295327814,0.08421514108103915,0.8736772883784413,5588.14084022079,0.8464931598264932
mux20,1000,20,0.008685113737513529,9,1000,672.1066107608445,0.0965098611252963,0.8552352083120555,4764.31625934673,0.6791658324991658
mux20,1000,20,0.010985411419875584,0,1000,1060.0315193457182,0.07657324238723415,0.8851401364191488,5824.227055483221,0.902002002002002
mux20,1000,20,0.010985411419875584,1,1000,997.737798486316,0.08021442228262399,0.879678366576064,5849.328002319186,0.8813013013013014
mux20,1000,20,0.010985411419875584,2,1000,901.2557762949125,0.08747086180748657,0.8687937072887703,6082.528421076263,0.8246913580246914
mux20,1000,20,0.010985411419875584,3,1000,926.5739475573266,0.08771014822630285,0.8684347776605458,6096.071253330487,0.8065932599265933
mux20,1000,20,0.010985411419875584,4,1000,1014.5075370849146,0.08178294996892281,0.8773255750466158,6143.144724511371,0.8691558224891558
mux20,1000,20,0.010985411419875584,5,1000,985.8933519647487,0.07699767753271171,0.8845034837009325,5464.604443513742,0.8873206539873206
mux20,1000,20,0.010985411419875584,6,1000,878.7274631234219,0.07814654806453453,0.8827801779031982,5000.86242270025,0.8352752752752752
mux20,1000,20,0.010985411419875584,7,1000,963.8714849628468,0.07725993029311928,0.884110104560321,5395.49780586875,0.8710643977310644
mux20,1000,20,0.010985411419875584,8,1000,911.9960239000172,0.08640092257074748,0.8703986161438788,5609.496124057337,0.7540407073740407
mux20,1000,20,0.010985411419875584,9,1000,950.1492276526307,0.0834931835496073,0.8747602246755891,5849.613396357083,0.8542876209542877
mux20,1000,20,0.013894954943731374,0,1000,838.1168196179907,0.09355016773460684,0.8596747483980898,6428.655500864666,0.7584117450784117
mux20,1000,20,0.013894954943731374,1,1000,1266.6222690936827,0.0744689053074943,0.8882966420387587,7140.510755491254,0.9390857524190858
mux20,1000,20,0.013894954943731374,2,1000,1126.5886449161458,0.08000208807192327,0.8799968678921152,6753.422442130881,0.8814214214214214
mux20,1000,20,0.013894954943731374,3,1000,1186.8323914871507,0.08022322752460977,0.8796651587130854,7118.537754172845,0.8767701034367701
mux20,1000,20,0.013894954943731374,4,1000,1111.3573599098243,0.0864943135920949,0.8702585296118576,7095.313745629151,0.8159092425759092
mux20,1000,20,0.013894954943731374,5,1000,1061.4825927264806,0.08305372997110085,0.8754194050433487,6584.445901289696,0.8604938271604938
mux20,1000,20,0.013894954943731374,6,1000,1105.972850436899,0.08070567167368031,0.8789414924894795,6805.933909546154,0.8789723056389723
mux20,1000,20,0.013894954943731374,7,1000,1110.8234145180575,0.07185752230807753,0.8922137165378837,5820.715915014735,0.879019019019019
mux20,1000,20,0.013894954943731374,8,1000,1231.6812044496396,0.07698244459596293,0.8845263331060557,7164.119150764411,0.9352552552552552
mux20,1000,20,0.013894954943731374,9,1000,1265.3426016928101,0.07531056774625884,0.8870341483806117,7044.205084851685,0.9154421087754421
mux20,1000,20,0.01757510624854793,0,1000,1428.2967365886966,0.07259023324815231,0.8911146501277716,7832.695689785321,0.9543076409743076
mux20,1000,20,0.01757510624854793,1,1000,1205.3253948752135,0.08366312088846373,0.8745053186673044,8064.178208000633,0.8764964964964965
mux20,1000,20,0.01757510624854793,2,1000,1328.5921357123784,0.08012890655280709,0.8798066401707894,8294.675515488192,0.9092158825492159
mux20,1000,20,0.01757510624854793,3,1000,1237.3813007158183,0.08107691487741424,0.8783846276838785,7786.319987174813,0.8842308975642309
mux20,1000,20,0.01757510624854793,4,1000,1493.6190740891348,0.06663427801372312,0.9000485829794153,7463.319310732807,0.9452452452452452
mux20,1000,20,0.01757510624854793,5,1000,1391.585278874058,0.0662564479809963,0.9006153280285054,7033.64746398444,0.9639506172839506
mux20,1000,20,0.01757510624854793,6,1000,1516.4407462063493,0.06660067892574129,0.9000989816113881,7421.751785057071,0.958425091758425
mux20,1000,20,0.01757510624854793,7,1000,1293.7040117265014,0.07991246201871376,0.8801313069719294,7941.752531622514,0.8805538872205538
mux20,1000,20,0.01757510624854793,8,1000,1220.0433704034567,0.08293206418642335,0.875601903720365,7936.2438587477245,0.8731131131131131
mux20,1000,20,0.01757510624854793,9,1000,1407.105527992059,0.07093177728853364,0.8936023340671995,7490.354039487452,0.9334734734734734
mux20,1000,20,0.022229964825261957,0,1000,1743.4279328559699,0.06889562493019288,0.8966565626047107,9192.251877568171,0.9605472138805472
mux20,1000,20,0.022229964825261957,1,1000,1583.0290109976233,0.07504980159825216,0.8874252976026217,9121.872837936771,0.9412345679012346
mux20,1000,20,0.022229964825261957,2,1000,1508.5807000446432,0.07734805658248543,0.8839779151262719,9190.974883980673,0.9255722389055723
mux20,1000,20,0.022229964825261957,3,1000,1445.1398465888815,0.07762503421777597,0.8835624486733361,8946.576196317126,0.9254521187854521
mux20,1000,20,0.022229964825261957,4,1000,1449.5375449429891,0.07223133198245792,0.8916530020263131,8179.78033456529,0.9392525859192525
mux20,1000,20,0.022229964825261957,5,1000,1668.4672803506849,0.07324471696008064,0.8901329245598791,9382.53109098609,0.9566566566566567
mux20,1000,20,0.022229964825261957,6,1000,1584.7671274321303,0.07609280915068198,0.8858607862739769,9186.617885130734,0.9365231898565232
mux20,1000,20,0.022229964825261957,7,1000,1668.2209820941857,0.0692586811734661,0.8961119782398008,8997.23037801151,0.9646446446446446
mux20,1000,20,0.022229964825261957,8,1000,1522.1649619531743,0.07295991219260806,0.8905601317110878,8732.661133600008,0.9329796463129797
mux20,1000,20,0.022229964825261957,9,1000,1258.8726943944273,0.08604594003098541,0.870931089953522,8952.965886231688,0.8584117450784118
mux20,1000,20,0.028117686979742307,0,1000,1801.1302018357349,0.07173453248257602,0.8923982012761359,10028.21074920374,0.9393793793793794
mux20,1000,20,0.028117686979742307,1,1000,1769.6998002604591,0.07419254197358106,0.8887111870396284,10443.291165956809,0.9583717050383717
mux20,1000,20,0.028117686979742307,2,1000,1665.7098159428974,0.07923223704095583,0.8811516444385663,10483.018084930369,0.9071004337671005
mux20,1000,20,0.028117686979742307,3,1000,1858.6402854328455,0.07124957390867499,0.8931256391369875,10229.839910500594,0.9653253253253253
mux20,1000,20,0.028117686979742307,4,1000,1794.8355099557891,0.07293505064674212,0.8905974240298868,10124.146974682644,0.9440774107440774
mux20,1000,20,0.028117686979742307,5,1000,1652.4476768090135,0.07666578941570922,0.8850013158764362,9959.207714234439,0.9380914247580914
mux20,1000,20,0.028117686979742307,6,1000,1476.376553126054,0.08106635365621265,0.8784004695156808,9561.522977253653,0.8928661995328662
mux20,1000,20,0.028117686979742307,7,1000,1912.4827037727964,0.06774527466759472,0.8983820879986077,9738.276248196094,0.9497831164497831
mux20,1000,20,0.028117686979742307,8,1000,2121.005288637658,0.06105612970473562,0.9084158054428967,9739.827295329012,0.975261928595262
mux20,1000,20,0.028117686979742307,9,1000,1830.0028835754615,0.06109702174817732,0.9083544673777338,8378.658446241063,0.9415682349015683
mux20,1000,20,0.03556480306223128,0,1000,2187.7054134221735,0.06868109749328614,0.8969783537600708,11292.44886986657,0.945065065065065
mux20,1000,20,0.03556480306223128,1,1000,2056.1084953242653,0.07222560911383803,0.8916615863292429,11537.854496743597,0.9484684684684684
mux20,1000,20,0.03556480306223128,2,1000,2214.3959510437944,0.06735407796524176,0.8989688830521374,11569.54536232465,0.9785518852185519
mux20,1000,20,0.03556480306223128,3,1000,1943.803017695561,0.07003760918932492,0.8949435862160127,10376.313443003739,0.9302235568902235
mux20,1000,20,0.03556480306223128,4,1000,2018.4181903752526,0.07194236346818461,0.892086454797723,11501.178844404112,0.968742075408742
mux20,1000,20,0.03556480306223128,5,1000,1852.18227141599,0.07764976916423129,0.883525346253653,11363.685918969886,0.9246513179846513
mux20,1000,20,0.03556480306223128,6,1000,2636.6931258639215,0.05486683760663337,0.91769974359005,11188.280319863188,0.9879346012679346
mux20,1000,20,0.03556480306223128,7,1000,1895.5801655244247,0.0755146246149706,0.886728063077544,11270.574002218053,0.9329462796129463
mux20,1000,20,0.03556480306223128,8,1000,2362.2554508242897,0.0647986664243132,0.9028020003635302,12027.2425896969,0.9862529195862529
mux20,1000,20,0.03556480306223128,9,1000,2097.1059582975467,0.07290419979336275,0.8906437003099561,11633.443506046182,0.946006006006006
mux20,1000,20,0.04498432668969444,0,1000,1879.4827866066303,0.07923187102514379,0.8811521934622845,12212.97980015243,0.9268335001668335
mux20,1000,20,0.04498432668969444,1,1000,3024.5717962850154,0.058761684956972565,0.9118574725645411,13832.673056190813,0.9971705038371705
mux20,1000,20,0.04498432668969444,2,1000,2200.843954960506,0.07304301134642768,0.8904354829803585,12701.977749498155,0.9636903570236903
mux20,1000,20,0.04498432668969444,3,1000,2970.792876490566,0.060935067758721324,0.908597398361918,13897.246389088783,0.9905772439105772
mux20,1000,20,0.04498432668969444,4,1000,2552.690624828558,0.06802539023796265,0.897961914643056,13380.214094248191,0.9746746746746747
mux20,1000,20,0.04498432668969444,5,1000,2670.0226552079166,0.06350211794962403,0.904746823075564,13196.620884017973,0.9910910910910911
mux20,1000,20,0.04498432668969444,6,1000,2198.168015191383,0.07349306171243586,0.8897604074313462,12738.422537474362,0.9600934267600935
mux20,1000,20,0.04498432668969444,7,1000,2511.3678706549877,0.06608194841180054,0.9008770773822992,12607.806179689787,0.9670203536870203
mux20,1000,20,0.04498432668969444,8,1000,2471.257814070253,0.06780256649456783,0.8982961502581481,12842.555829687979,0.9615615615615616
mux20,1000,20,0.04498432668969444,9,1000,2580.6739400310394,0.06550254052459895,0.9017461892131017,13207.933171410219,0.9879145812479145
mux20,1000,20,0.05689866029018299,0,1000,2597.795293542008,0.0708037312916519,0.8937944030625221,14407.876910098339,0.9672072072072072
mux20,1000,20,0.05689866029018299,1,1000,2840.666478099394,0.06618479977517977,0.9007228003372302,14735.52527204345,0.9898031364698031
mux20,1000,20,0.05689866029018299,2,1000,2984.2811366469646,0.06314411361101432,0.9052838295834786,14616.517313544127,0.9898898898898899
mux20,1000,20,0.05689866029018299,3,1000,2652.303315487491,0.07002612907246904,0.8949608063912964,14387.931834310144,0.9647380714047381
mux20,1000,20,0.05689866029018299,4,1000,2164.4435496270794,0.07800867511053157,0.8829869873342028,13687.2043751826,0.9348148148148148
mux20,1000,20,0.05689866029018299,5,1000,2163.147474287614,0.0759576171537666,0.88606357426935,13221.489882513357,0.9475942609275942
mux20,1000,20,0.05689866029018299,6,1000,2570.280871169076,0.06866937331261004,0.8969959400310851,13615.788284834256,0.9617083750417084
mux20,1000,20,0.05689866029018299,7,1000,2155.3705635545766,0.07806159527374938,0.882907607089376,13586.909708149042,0.9344744744744745
mux20,1000,20,0.05689866029018299,8,1000,3179.1227129828217,0.05961116605539541,0.9105832509169068,14589.156365693512,0.9870937604270937
mux20,1000,20,0.05689866029018299,9,1000,2463.4905820707118,0.07292431203332343,0.8906135319500149,13865.411180742754,0.9443243243243243
mux20,1000,20,0.07196856730011521,0,1000,2761.1010125658504,0.07081371861729446,0.8937794220740582,15371.14024336315,0.9721121121121121
mux20,1000,20,0.07196856730011521,1,1000,3189.1702920811454,0.06450634247983496,0.9032404862802476,16030.610303560408,0.989315982649316
mux20,1000,20,0.07196856730011521,2,1000,2381.602837413374,0.07717384475891866,0.884239232861622,14868.396435249719,0.9519252585919252
mux20,1000,20,0.07196856730011521,3,1000,3004.704224325227,0.06735567151257499,0.8989664927311376,15937.928109605686,0.9910977644310978
mux20,1000,20,0.07196856730011521,4,1000,2615.499055343199,0.07316572506665651,0.8902514124000153,15377.384222359884,0.9730864197530864
mux20,1000,20,0.07196856730011521,5,1000,2857.4992219761257,0.06899110603556728,0.896513340946649,15594.604793685974,0.984431097764431
mux20,1000,20,0.07196856730011521,6,1000,3145.3215119985684,0.06499025910279167,0.9025146113458126,15947.697469026294,0.9912645979312646
mux20,1000,20,0.07196856730011521,7,1000,3384.6152764677017,0.059926622477728494,0.9101100662834073,15723.54993231332,0.9888288288288288
mux20,1000,20,0.07196856730011521,8,1000,3349.3922607079403,0.06272304128866237,0.9059154380670064,16317.09114458424,0.9917317317317317
mux20,1000,20,0.07196856730011521,9,1000,3078.5844540921944,0.06701332979577078,0.8994800053063439,15930.702875229425,0.9795729062395729
mux20,1000,20,0.09102981779915217,0,1000,3927.1440586030812,0.05790609566945558,0.9131408564958164,17626.413839320736,0.9941207874541208
mux20,1000,20,0.09102981779915217,1,1000,3810.297919082696,0.05982798701920867,0.9102580194711869,17704.055802847644,0.995402068735402
mux20,1000,20,0.09102981779915217,2,1000,2886.241020952102,0.07164786865955222,0.8925281970106718,16511.939391464595,0.9762495829162496
mux20,1000,20,0.09102981779915217,3,1000,3127.28145445895,0.06847270196213884,0.8972909470567918,16821.16370345174,0.9811611611611611
mux20,1000,20,0.09102981779915217,4,1000,1961.6272031849808,0.08500279875002169,0.8724958018749674,14398.025071243315,0.8803603603603604
mux20,1000,20,0.09102981779915217,5,1000,2960.837747722497,0.06978877900274676,0.8953168314958798,16582.12887681505,0.9894561227894562
mux20,1000,20,0.09102981779915217,6,1000,3289.921510237846,0.06778342771183599,0.8983248584322462,16968.721425949967,0.9635301968635301
mux20,1000,20,0.09102981779915217,7,1000,3915.7053530025546,0.05990507129655135,0.9101423930551731,18194.979556175178,0.992992992992993
mux20,1000,20,0.09102981779915217,8,1000,3598.258626724077,0.0622830277629407,0.906575458355589,17401.176762755036,0.9914914914914915
mux20,1000,20,0.09102981779915217,9,1000,3823.648471615738,0.05959762981866682,0.9106035552719999,17484.670117746096,0.9878478478478478
mux20,1000,20,0.11513953993264481,0,1000,3539.9688743038855,0.06586188511407465,0.9012071723288879,18261.982778334823,0.9893560226893561
mux20,1000,20,0.11513953993264481,1,1000,3623.276217587088,0.06556239189131795,0.9016564121630231,18606.98783014955,0.9914647981314648
mux20,1000,20,0.11513953993264481,2,1000,5263.087677291995,0.04838393348474168,0.9274240997728874,20722.09189479707,0.9989255922589256
mux20,1000,20,0.11513953993264481,3,1000,3078.0680132965244,0.0706052474872791,0.8940921287690815,17402.217306960014,0.9839172505839172
mux20,1000,20,0.11513953993264481,4,1000,4984.842867282636,0.04606663641738638,0.9309000453739205,19006.41701816736,0.9984851518184852
mux20,1000,20,0.11513953993264481,5,1000,2740.1658634961213,0.07660207319203143,0.8850968902119528,16959.799522185393,0.95342008675342
mux20,1000,20,0.11513953993264481,6,1000,5159.090413523313,0.04938343103289384,0.9259248534506592,20476.639224945564,0.9989923256589923
mux20,1000,20,0.11513953993264481,7,1000,3887.647413992137,0.06254917362902468,0.9061762395564631,18900.456363619207,0.9913446780113446
mux20,1000,20,0.11513953993264481,8,1000,2830.8399810209503,0.0740238321444871,0.8889642517832693,16779.632952110584,0.9591725058391725
mux20,1000,20,0.11513953993264481,9,1000,3189.1401226149483,0.06915812336390795,0.8962628149541382,17642.51985532944,0.9858591925258592
mux20,1000,20,0.14563484775012445,0,1000,3361.1593817502094,0.06921563205659056,0.896176551915114,18561.217411089,0.987334000667334
mux20,1000,20,0.14563484775012445,1,1000,3604.060900373387,0.0676404549456202,0.8985393175815697,19182.063313438273,0.9823957290623957
mux20,1000,20,0.14563484775012445,2,1000,3775.812729773187,0.06500295425943885,0.9024955686108419,19420.560456675084,0.9953486820153487
mux20,1000,20,0.14563484775012445,3,1000,4247.645031810032,0.06122948687264997,0.9081557696910249,20276.58799517881,0.9949282615949283
mux20,1000,20,0.14563484775012445,4,1000,4758.324557118951,0.05700768202816787,0.9144884769577483,21235.756630588854,0.9984050717384051
mux20,1000,20,0.14563484775012445,5,1000,3406.983057703203,0.06997777932182828,0.8950333310172577,18842.33238575129,0.9825558892225559
mux20,1000,20,0.14563484775012445,6,1000,3826.9512494422834,0.06463218999225705,0.9030517150116145,19523.49743867084,0.9954287620954287
mux20,1000,20,0.14563484775012445,7,1000,4636.852259329905,0.05769685532355809,0.9134547170146629,21068.49417529006,0.9977043710377044
mux20,1000,20,0.14563484775012445,8,1000,4120.1922490772595,0.06296797595461842,0.9055480360680724,20206.63529910234,0.9936336336336337
mux20,1000,20,0.14563484775012445,9,1000,3814.222327393058,0.0662663961385248,0.9006004057922129,19338.349219835338,0.9639172505839172
mux20,1000,20,0.18420699693267165,0,1000,5030.899560459482,0.05668937850705975,0.9149659322394105,22210.65753248391,0.9972772772772773
mux20,1000,20,0.18420699693267165,1,1000,3583.7326764989066,0.0683192699328068,0.8975210951007898,19538.01111751234,0.9908508508508509
mux20,1000,20,0.18420699693267165,2,1000,3550.4594823139655,0.0690950791675762,0.8963573812486358,19486.10404240694,0.9850450450450451
mux20,1000,20,0.18420699693267165,3,1000,4791.368081261403,0.05877751401985003,0.9118337289702249,21720.388041480786,0.9944878211544879
mux20,1000,20,0.18420699693267165,4,1000,4728.436041784237,0.05895026693162893,0.9115745996025567,21525.87220341124,0.9932866199532866
mux20,1000,20,0.18420699693267165,5,1000,4186.792039298235,0.06382187003615493,0.9042671949457677,20829.114616174193,0.9939205872539206
mux20,1000,20,0.18420699693267165,6,1000,3405.2144668435885,0.07163623697659223,0.8925456445351116,19205.418314573206,0.970704037370704
mux20,1000,20,0.18420699693267165,7,1000,4358.272324485083,0.06192833855830083,0.9071074921625487,20972.904797640873,0.9927861194527862
mux20,1000,20,0.18420699693267165,8,1000,4351.783299072789,0.062052337275593096,0.9069214940866102,21197.72080959629,0.9971171171171171
mux20,1000,20,0.18420699693267165,9,1000,4236.1550445461135,0.06379085718026434,0.9043137142296036,20925.27585747039,0.9895228561895228
mux20,1000,20,0.2329951810515372,0,1000,6528.1497806265925,0.04743739835429884,0.9288439024685516,25211.277267302437,0.9991991991991992
mux20,1000,20,0.2329951810515372,1,1000,3953.313847580786,0.0670946359251497,0.8993580461122755,20855.636712375686,0.9895228561895228
mux20,1000,20,0.2329951810515372,2,1000,4194.433171328236,0.0656783409812398,0.9014824885281403,21219.771901523734,0.9819019019019019
mux20,1000,20,0.2329951810515372,3,1000,3417.2062398609746,0.07091795640153714,0.8936230653976942,19752.457786272458,0.9885018351685019
mux20,1000,20,0.2329951810515372,4,1000,3921.5785723620825,0.06706711421422422,0.8993993286786638,20831.38583735256,0.9901368034701368
mux20,1000,20,0.2329951810515372,5,1000,5411.025762199332,0.05604527710874214,0.9159320843368868,23508.82260329077,0.9957357357357357
mux20,1000,20,0.2329951810515372,6,1000,4361.446347858902,0.0635943707466991,0.9046084438799513,21833.63431528007,0.9955955955955956
mux20,1000,20,0.2329951810515372,7,1000,6106.021939261417,0.05061894679248152,0.9240715798112775,24520.575656453846,0.9994928261594929
mux20,1000,20,0.2329951810515372,8,1000,3804.3690213881805,0.06853669984763704,0.8971949502285445,20712.95808546991,0.9905772439105772
mux20,1000,20,0.2329951810515372,9,1000,3271.818364849592,0.0722483998432195,0.8916274002351707,19175.66921588819,0.9746546546546546
mux20,1000,20,0.29470517025518095,0,1000,3650.4111583475037,0.07146742675059081,0.8927988598741138,20594.71174009309,0.9709976643309977
mux20,1000,20,0.29470517025518095,1,1000,4409.505924160456,0.06473630362284273,0.902895544565736,22251.523747836934,0.9874607941274608
mux20,1000,20,0.29470517025518095,2,1000,3593.167524070092,0.0711271306167767,0.8933093040748349,20462.945214116884,0.9781247914581248
mux20,1000,20,0.29470517025518095,3,1000,3739.0115207404133,0.06955346773071036,0.8956697984039345,20765.563823606994,0.985638972305639
mux20,1000,20,0.29470517025518095,4,1000,5266.706163661971,0.058542608955956595,0.912186086566065,24257.905943092395,0.9987387387387388
mux20,1000,20,0.29470517025518095,5,1000,3693.8305723145577,0.07103775823662299,0.8934433626450654,20794.2807196068,0.9684951618284952
mux20,1000,20,0.29470517025518095,6,1000,3907.635459432976,0.06824407107651446,0.8976338933852284,21214.55158257666,0.9904371037704371
mux20,1000,20,0.29470517025518095,7,1000,4218.05145965312,0.06664493784536868,0.9000325932319471,21997.462651222555,0.9866466466466467
mux20,1000,20,0.29470517025518095,8,1000,4887.0793612720745,0.06127721959587246,0.9080841706061912,23332.020790074614,0.9963029696363029
mux20,1000,20,0.29470517025518095,9,1000,5072.704046577419,0.06009751486530963,0.9098537277020357,23529.15219871246,0.990990990990991
mux20,1000,20,0.3727593720314942,0,1000,7491.924080673959,0.04529657333852139,0.9320551399922179,28017.861998162352,0.999285952619286
mux20,1000,20,0.3727593720314942,1,1000,5275.212989054622,0.05945848122078761,0.9108122781688185,24803.63206176329,0.998752085418752
mux20,1000,20,0.3727593720314942,2,1000,4451.108090852518,0.06472174490874276,0.9029173826368858,22835.7170466334,0.9951551551551552
mux20,1000,20,0.3727593720314942,3,1000,4244.469719510445,0.06656417412270205,0.9001537388159471,22331.57645116283,0.9901968635301969
mux20,1000,20,0.3727593720314942,4,1000,5068.377471366223,0.06126873554997463,0.9080968966750381,24139.494119513478,0.994054054054054
mux20,1000,20,0.3727593720314942,5,1000,4476.516719942979,0.06503282465269279,0.9024507630209606,22832.301176260506,0.9915115115115115
mux20,1000,20,0.3727593720314942,6,1000,5060.713643318837,0.06123844095287061,0.9081423385706942,24165.230523918202,0.9949015682349016
mux20,1000,20,0.3727593720314942,7,1000,2873.067597318591,0.07841394726888706,0.8823790790966693,19226.514673432262,0.9605672339005672
mux20,1000,20,0.3727593720314942,8,1000,6060.570743353673,0.05571685409580038,0.9164247188562994,26341.0778356632,0.9980714047380714
mux20,1000,20,0.3727593720314942,9,1000,3737.3512088890334,0.07220132554492899,0.8916980116826067,21166.358536849926,0.9636102769436102
mux20,1000,20,0.47148663634573945,0,1000,4113.019446970373,0.06815576511369094,0.8977663523294636,22373.97730159774,0.9896296296296296
mux20,1000,20,0.47148663634573945,1,1000,4996.461487167318,0.06275805660898533,0.905862915086522,24575.796370289238,0.9965899232565899
mux20,1000,20,0.47148663634573945,2,1000,4598.818596903411,0.06572547911395848,0.9014117813290623,23676.62072583287,0.9915648982315649
mux20,1000,20,0.47148663634573945,3,1000,4231.202106736686,0.06795223932520603,0.898071641012191,22671.935844536147,0.9873873873873874
mux20,1000,20,0.47148663634573945,4,1000,4055.873825962729,0.06965555740149211,0.8955166638977617,22308.324296565406,0.9846846846846847
mux20,1000,20,0.47148663634573945,5,1000,4635.225994657675,0.06498540312564985,0.9025218953115253,23720.556865189796,0.9941541541541542
mux20,1000,20,0.47148663634573945,6,1000,3938.9311942448394,0.07087149256099444,0.8936927611585084,21835.852642491427,0.9653453453453453
mux20,1000,20,0.47148663634573945,7,1000,3968.9898292769976,0.06934557560816873,0.8959816365877468,22124.89022797513,0.9919252585919253
mux20,1000,20,0.47148663634573945,8,1000,4630.525673560415,0.06558293138169084,0.9016256029274636,23501.48494356213,0.9861661661661661
mux20,1000,20,0.47148663634573945,9,1000,5899.33219148468,0.056881361778117596,0.9146779573328236,26463.227708339622,0.9964497831164498
mux20,1000,20,0.5963623316594643,0,1000,4204.41844370546,0.06895615999436397,0.896565760008454,23035.236315807822,0.9893560226893561
mux20,1000,20,0.5963623316594643,1,1000,4629.135712165793,0.06578191284381273,0.901327130734281,23957.622362523634,0.9901968635301969
mux20,1000,20,0.5963623316594643,2,1000,5358.556468405629,0.0625768167969257,0.9061347748046115,25494.45668850581,0.9856656656656657
mux20,1000,20,0.5963623316594643,3,1000,4871.889568548649,0.0640089390319251,0.9039865914521125,24481.285874103138,0.9966433099766433
mux20,1000,20,0.5963623316594643,4,1000,4652.458248773782,0.0662204144905202,0.9006693782642197,23987.43633390617,0.981695028361695
mux20,1000,20,0.5963623316594643,5,1000,4266.541685686409,0.06812783078790217,0.8978082538181469,23134.000066618242,0.9913913913913914
mux20,1000,20,0.5963623316594643,6,1000,5960.930865305289,0.05774515126059052,0.9133822731091144,26871.21035069989,0.9983116449783116
mux20,1000,20,0.5963623316594643,7,1000,4980.080895769588,0.06328343189444752,0.9050748521583287,24893.74289555763,0.9972572572572572
mux20,1000,20,0.5963623316594643,8,1000,5628.550870621988,0.05968860985912052,0.9104670852113194,26097.26373116246,0.9974240907574241
mux20,1000,20,0.5963623316594643,9,1000,3352.849933209925,0.07519205208557687,0.8872119218716348,20928.78069065833,0.9709442776109443
mux20,1000,20,0.7543120063354622,0,1000,5268.552985816547,0.06251698406330303,0.9062245239050455,25692.36270347053,0.9955021688355021
mux20,1000,20,0.7543120063354622,1,1000,7704.306897926719,0.05011164198864299,0.9248325370170356,30702.111668279696,0.999285952619286
mux20,1000,20,0.7543120063354622,2,1000,4773.41935626581,0.06500980476363957,0.9024852928545406,24670.135226410148,0.9933466800133467
mux20,1000,20,0.7543120063354622,3,1000,3847.9664082337563,0.07131565250710149,0.8930265212393477,22198.71438473526,0.9850583917250584
mux20,1000,20,0.7543120063354622,4,1000,5161.568658576924,0.06390904420228287,0.9041364336965758,25359.696418999254,0.9908842175508842
mux20,1000,20,0.7543120063354622,5,1000,5050.901262259675,0.06327647666589323,0.90508528500116,25338.757073283916,0.9986586586586587
mux20,1000,20,0.7543120063354622,6,1000,3694.6570454488797,0.07297574549302697,0.8905363817604595,21955.224497617048,0.9758224891558225
mux20,1000,20,0.7543120063354622,7,1000,4361.449231903818,0.06851408863217781,0.8972288670517334,23519.164164727645,0.9832499165832499
mux20,1000,20,0.7543120063354622,8,1000,10349.122618424306,0.038848187382995274,0.9417277189255071,35860.36375111969,1.0
mux20,1000,20,0.7543120063354622,9,1000,4696.129408411129,0.06574229719229939,0.9013865542115508,24454.101014347732,0.9928461795128461
mux20,1000,20,0.9540954763499944,0,1000,6293.581108307079,0.0572364539802789,0.9141453190295816,28384.554969447934,0.9994327660994328
mux20,1000,20,0.9540954763499944,1,1000,7920.018862156042,0.05038711375417185,0.9244193293687424,31778.616260047947,0.9999666332999666
mux20,1000,20,0.9540954763499944,2,1000,7706.922939931835,0.05132576210822146,0.9230113568376679,31403.215419239074,0.9997997997997998
mux20,1000,20,0.9540954763499944,3,1000,4839.140989156921,0.06597283407669223,0.9010407488849618,24992.532367929827,0.9931865198531865
mux20,1000,20,0.9540954763499944,4,1000,7832.000308562366,0.05105089660123693,0.9234236550981447,31493.15393667788,0.9991925258591925
mux20,1000,20,0.9540954763499944,5,1000,5490.06252787966,0.06235480375054037,0.9064677943741893,26512.165934266544,0.9859325992659326
mux20,1000,20,0.9540954763499944,6,1000,5908.099693631613,0.05950044928233378,0.9107493260764993,27477.395735204096,0.9989322655989322
mux20,1000,20,0.9540954763499944,7,1000,4590.705436690691,0.06718391321825684,0.8992241301726147,24359.373594612807,0.9867400734067401
mux20,1000,20,0.9540954763499944,8,1000,10787.873690476259,0.03757866995439633,0.9436319950684054,36881.78583127582,1.0
mux20,1000,20,0.9540954763499944,9,1000,5502.056347858662,0.061919549777650254,0.9071206753335246,26553.60449543629,0.9940940940940941
mux20,1000,20,1.2067926406393288,0,1000,6432.450586247081,0.057505607869206846,0.9137415881961897,28963.687075474012,0.9992525859192526
mux20,1000,20,1.2067926406393288,1,1000,4233.310076485069,0.0700468704509596,0.8949296943235604,23801.5299785508,0.982655989322656
mux20,1000,20,1.2067926406393288,2,1000,4935.156364692921,0.06528713161107542,0.9020693025833868,25373.659315597164,0.9914781448114781
mux20,1000,20,1.2067926406393288,3,1000,6476.542529407644,0.057118716140411606,0.9143219257893828,28985.831667754537,0.9991124457791124
mux20,1000,20,1.2067926406393288,4,1000,5205.695917090877,0.06413106348890378,0.9038034047666443,26110.31839695761,0.9877677677677678
mux20,1000,20,1.2067926406393288,5,1000,5247.455393782624,0.06290964222997303,0.9056355366550403,26251.5226260493,0.9988988988988989
mux20,1000,20,1.2067926406393288,6,1000,4726.583175637784,0.06687422596120764,0.8996886610581886,24899.319334164342,0.9926126126126126
mux20,1000,20,1.2067926406393288,7,1000,6546.22854593727,0.0563338531968567,0.9154992202047149,29248.90526004776,0.9997931264597931
mux20,1000,20,1.2067926406393288,8,1000,5181.950012123141,0.06415459224759108,0.9037681116286136,25984.747119159405,0.9922655989322656
mux20,1000,20,1.2067926406393288,9,1000,6283.40421615911,0.05802653002868924,0.9129602049569661,28684.969435419,0.9998665331998665
mux20,1000,20,1.5264179671752334,0,1000,6182.98776861283,0.058822496688302035,0.911766254967547,28605.365735769057,0.9991324657991325
mux20,1000,20,1.5264179671752334,1,1000,5514.868499895683,0.06323257587958753,0.9051511361806187,27003.122170179933,0.9911644978311644
mux20,1000,20,1.5264179671752334,2,1000,7772.103755436536,0.052103745737319865,0.92184438139402,31950.30050126442,0.9994861528194862
mux20,1000,20,1.5264179671752334,3,1000,6272.387741349774,0.05844366283526894,0.9123345057470967,28842.025187107756,0.9915382048715382
mux20,1000,20,1.5264179671752334,4,1000,3840.0004972845163,0.07288754885343424,0.8906686767198487,22897.10428653814,0.9840373707040374
mux20,1000,20,1.5264179671752334,5,1000,6051.022983008564,0.05981814031034581,0.9102727895344812,28289.640314930883,0.9986920253586921
mux20,1000,20,1.5264179671752334,6,1000,7029.724280901309,0.05543618163001291,0.9168457275549806,30276.03715476693,0.9992125458792126
mux20,1000,20,1.5264179671752334,7,1000,6750.954687559516,0.05678756847350063,0.914818647289749,29949.623287539987,0.9912312312312312
mux20,1000,20,1.5264179671752334,8,1000,4551.668844377627,0.06831911561262755,0.8975213265810584,24610.78482525756,0.9889022355689022
mux20,1000,20,1.5264179671752334,9,1000,4175.348027783062,0.07063206216762877,0.8940519067485568,23804.897412709754,0.985005005005005
mux20,1000,20,1.9306977288832496,0,1000,9233.585494486011,0.04722736876277539,0.9291589468558369,35748.53623265878,1.0
mux20,1000,20,1.9306977288832496,1,1000,6987.27819897362,0.055618487122737946,0.916572269315893,30656.84509755944,0.9998865532198865
mux20,1000,20,1.9306977288832496,2,1000,5411.5385019413625,0.06292945998402714,0.9056058100239592,27036.886982754062,0.9961895228561896
mux20,1000,20,1.9306977288832496,3,1000,8714.281948385973,0.049146877448644724,0.9262796838270329,34529.68877628076,1.0
mux20,1000,20,1.9306977288832496,4,1000,6012.426357259571,0.05979884870076459,0.9103017269488531,28418.033683777077,0.999733066399733
mux20,1000,20,1.9306977288832496,5,1000,7791.488303820798,0.05276568316988307,0.9208514752451753,32360.93068205601,0.9994728061394728
mux20,1000,20,1.9306977288832496,6,1000,9878.439359491824,0.045105940216750406,0.9323410896748744,37032.537597648574,1.0
mux20,1000,20,1.9306977288832496,7,1000,5811.6646484172425,0.06126357881316848,0.9081046317802471,27982.355164393983,0.9985051718385052
mux20,1000,20,1.9306977288832496,8,1000,4386.836774937397,0.06997938355602969,0.8950309246659556,24485.816297242454,0.9836569903236569
mux20,1000,20,1.9306977288832496,9,1000,5563.118374814777,0.06255609114179816,0.9061658632873028,27310.559199731008,0.9970704037370705
mux20,1000,20,2.44205309454865,0,1000,9272.746125876838,0.047552828810674214,0.9286707567839888,35876.971789320865,0.9999933266599933
mux20,1000,20,2.44205309454865,1,1000,5749.313099977374,0.062186432113171576,0.9067203518302425,27826.493986190628,0.9936403069736403
mux20,1000,20,2.44205309454865,2,1000,6353.897189259599,0.05883333586006335,0.911749996209905,29355.712952390193,0.9991858525191859
mux20,1000,20,2.44205309454865,3,1000,9601.781151826508,0.04666669095321454,0.9299999635701782,36512.21972604569,0.9998732065398732
mux20,1000,20,2.44205309454865,4,1000,6306.9923335110225,0.05951952005623462,0.910720719915648,29152.636604121948,0.9961628294961629
mux20,1000,20,2.44205309454865,5,1000,5448.455628968163,0.06326239743823583,0.9051064038426463,27146.07297568174,0.9961761761761762
mux20,1000,20,2.44205309454865,6,1000,4820.723091360185,0.06712245389262246,0.8993163191610664,25681.062238668208,0.987907907907908
mux20,1000,20,2.44205309454865,7,1000,4314.642547488438,0.06962669303175677,0.895559960452365,24484.676733397744,0.9952352352352353
mux20,1000,20,2.44205309454865,8,1000,6005.260406623237,0.060416735989492605,0.909374896015761,28533.231028035265,0.9976443109776443
mux20,1000,20,2.44205309454865,9,1000,7350.5679168772895,0.0548145295112503,0.9177782057331247,31692.65217608857,0.9964831498164831
mux20,1000,20,3.088843596477485,0,1000,6047.087152807881,0.060648201831988484,0.9090276972520173,28819.093486154638,0.999305972639306
mux20,1000,20,3.088843596477485,1,1000,6797.519406526551,0.05796429773629343,0.9130535533955599,30390.69353538962,0.9993793793793794
mux20,1000,20,3.088843596477485,2,1000,4740.97321592199,0.06726108186123186,0.8991083772081522,25646.554110968827,0.9938938938938939
mux20,1000,20,3.088843596477485,3,1000,6570.244278201402,0.05791274424169448,0.9131308836374582,30076.760448544668,0.9993326659993327
mux20,1000,20,3.088843596477485,4,1000,6660.074771218645,0.05792285188072745,0.9131157221789088,30213.632067671333,0.999346012679346
mux20,1000,20,3.088843596477485,5,1000,4171.810214172407,0.07095919681062626,0.8935612047840605,24222.060111901643,0.988988988988989
mux20,1000,20,3.088843596477485,6,1000,4171.649837311827,0.07143631599010024,0.8928455260148498,24226.478047498826,0.9843443443443444
mux20,1000,20,3.088843596477485,7,1000,7993.615694569313,0.05229544585790357,0.9215568312131445,33341.31563151453,0.9999666332999666
mux20,1000,20,3.088843596477485,8,1000,5500.668974329332,0.06370943930882368,0.9044358410367644,27434.69910129543,0.9951017684351018
mux20,1000,20,3.088843596477485,9,1000,10688.617706598501,0.04359287929997267,0.9346106810500409,39311.21974368886,0.9999933266599933
mux20,1000,20,3.906939937054621,0,1000,4599.37607035189,0.06909609340078271,0.8963558598988259,25421.606551361412,0.9939072405739072
mux20,1000,20,3.906939937054621,1,1000,6410.377422388733,0.05878950339592352,0.9118157449061147,29863.985385985052,0.9994928261594929
mux20,1000,20,3.906939937054621,2,1000,5648.308129693696,0.06314228195719565,0.9052865770642065,27980.377285265633,0.9975375375375375
mux20,1000,20,3.906939937054621,3,1000,5424.852397759058,0.06399085736099984,0.9040137139585003,27469.73098363817,0.996343009676343
mux20,1000,20,3.906939937054621,4,1000,4056.705387402176,0.07237472254350964,0.8914379161847357,23976.986277852186,0.9837037037037037
mux20,1000,20,3.906939937054621,5,1000,7089.11394941441,0.05637072822027451,0.9154439076695883,31444.433880362714,0.9997530864197531
mux20,1000,20,3.906939937054621,6,1000,5594.212673829037,0.06284457245727013,0.9057331413140947,27893.329199526783,0.9975041708375042
mux20,1000,20,3.906939937054621,7,1000,5291.422758631274,0.0646916491738431,0.9029625262392353,27130.361001764035,0.998365031698365
mux20,1000,20,3.906939937054621,8,1000,6134.250361342773,0.06087585624086809,0.9086862156386978,29187.161266776548,0.9962962962962963
mux20,1000,20,3.906939937054621,9,1000,7947.066243430213,0.05338233475591772,0.9199264978661235,33353.286209366095,0.9996463129796463
mux20,1000,20,4.941713361323838,0,1000,5306.661764074532,0.06470425442759689,0.9029436183586046,27303.947738307837,0.9983183183183183
mux20,1000,20,4.941713361323838,1,1000,4824.636408829533,0.06761622369045568,0.8985756644643164,26082.723790954464,0.9961294627961295
mux20,1000,20,4.941713361323838,2,1000,5503.799917267107,0.06342697930955693,0.9048595310356647,27813.66460821909,0.999305972639306
mux20,1000,20,4.941713361323838,3,1000,7860.107720381791,0.05402028252994126,0.9189695762050883,33259.16437384923,0.9996663329996663
mux20,1000,20,4.941713361323838,4,1000,5488.6890079179375,0.06384390192524084,0.9042341471121386,27704.962996414935,0.9943076409743077
mux20,1000,20,4.941713361323838,5,1000,7083.18891697071,0.05708824345108312,0.9143676348233752,31470.137399417035,0.9990857524190857
mux20,1000,20,4.941713361323838,6,1000,7665.296327422541,0.05423309011199557,0.9186503648320066,32912.9976138655,0.999713046379713
mux20,1000,20,4.941713361323838,7,1000,8105.3779330919615,0.052986529362533945,0.920520205956199,33833.753333344015,0.9998531865198532
mux20,1000,20,4.941713361323838,8,1000,4417.690204962044,0.07029543429504262,0.8945568485574359,25022.63460652565,0.9853453453453453
mux20,1000,20,4.941713361323838,9,1000,4513.72357765844,0.07041260838254174,0.8943810874261874,25213.985907950333,0.979406072739406
mux20,1000,20,6.250551925273976,0,1000,5006.6714338261645,0.066799421793311,0.8998008673100334,26613.359859714936,0.9945011678345012
mux20,1000,20,6.250551925273976,1,1000,5680.361107777399,0.06278290327395679,0.9058256450890648,28331.904858658378,0.9981381381381381
mux20,1000,20,6.250551925273976,2,1000,7471.424728868866,0.055900447190343885,0.9161493292144842,32496.758070661712,0.9988521855188521
mux20,1000,20,6.250551925273976,3,1000,5656.013100318837,0.06316845595826218,0.9052473160626066,28183.93245416708,0.9970904237570904
mux20,1000,20,6.250551925273976,4,1000,6918.559781553021,0.05750180375402807,0.9137472943689579,31269.89570186424,0.9997063730397063
mux20,1000,20,6.250551925273976,5,1000,4994.658522812837,0.06732790313115306,0.8990081453032704,26522.119824438727,0.9884617951284618
mux20,1000,20,6.250551925273976,6,1000,5890.740028279484,0.06206117852512222,0.9069082322123165,28776.61886552376,0.9989389389389389
mux20,1000,20,6.250551925273976,7,1000,6261.469070302477,0.060095157529809845,0.9098572637052851,29728.901244235098,0.9994594594594595
mux20,1000,20,6.250551925273976,8,1000,7687.695609149509,0.05501645755050095,0.9174753136742484,32964.10553221195,0.9995662328995663
mux20,1000,20,6.250551925273976,9,1000,7690.120899575558,0.05468491154198577,0.9179726326870213,33076.61803007879,0.9995462128795463
mux20,1000,20,7.9060432109077015,0,1000,7282.538131182261,0.056134774726196504,0.9157978379107052,32216.614033262536,0.9995195195195196
mux20,1000,20,7.9060432109077015,1,1000,6313.238728184907,0.059953178006378505,0.9100702329904323,29953.79130772019,0.999713046379713
mux20,1000,20,7.9060432109077015,2,1000,6623.247412277406,0.05882861321897478,0.9117570801715378,30663.25881989835,0.9994060727394061
mux20,1000,20,7.9060432109077015,3,1000,5195.5161348308275,0.0653319654773126,0.9020020517840311,27237.273972386058,0.9982649315982649
mux20,1000,20,7.9060432109077015,4,1000,5033.858418523583,0.0668526952875459,0.8997209570686812,26749.610594194786,0.9952285618952286
mux20,1000,20,7.9060432109077015,5,1000,6325.320994258815,0.060281041430430796,0.9095784378543538,29962.398064111207,0.9979512846179512
mux20,1000,20,7.9060432109077015,6,1000,6341.085151300347,0.0601216792686318,0.9098174810970523,30029.272318929838,0.9985251918585252
mux20,1000,20,7.9060432109077015,7,1000,5077.475474215224,0.06677990716811046,0.8998301392478344,26816.423937019164,0.9860326993660327
mux20,1000,20,7.9060432109077015,8,1000,4307.437019399365,0.07136288999859478,0.8929556650021079,24914.99937777528,0.9884617951284618
mux20,1000,20,7.9060432109077015,9,1000,5880.5444397007595,0.06241923260271042,0.9063711510959344,28805.669375056095,0.9987987987987988
mux20,1000,20,10.0,0,1000,5219.968427499597,0.06545777987502431,0.9018133301874636,27327.24857805951,0.9964431097764431
mux20,1000,20,10.0,1,1000,7725.873031352399,0.05478554379158745,0.9178216843126188,33362.928163841316,0.999713046379713
mux20,1000,20,10.0,2,1000,9430.252879897256,0.049052304237243285,0.926421543644135,37402.11622089864,0.9999866533199867
mux20,1000,20,10.0,3,1000,8178.621184170995,0.05246971755566777,0.9212954236664985,34542.38435019453,1.0
mux20,1000,20,10.0,4,1000,10351.773608935813,0.04644857118274039,0.9303271432258894,39359.48505214621,1.0
mux20,1000,20,10.0,5,1000,5772.602924573556,0.06300624427505955,0.9054906335874109,28668.306311638597,0.9969235902569236
mux20,1000,20,10.0,6,1000,5271.903573582269,0.06564819793531602,0.901527703097026,27415.15683377619,0.9967834501167835
mux20,1000,20,10.0,7,1000,11616.509448518253,0.04326844841503227,0.9350973273774515,42264.58209129809,0.9999933266599933
mux20,1000,20,10.0,8,1000,6721.318783867288,0.05892819460476812,0.9116077080928476,30961.717981109377,0.9991391391391391
mux20,1000,20,10.0,9,1000,13576.578777705097,0.03811870999429233,0.9428219350085615,46755.06142023583,1.0
