1.400000000000000148e-05 1.770797303597413980e-05 2.239802207448480601e-05 2.833025506815220896e-05 3.583367091779351055e-05 4.532440559944700870e-05 5.732881087332598809e-05 7.251264550923699126e-05 9.171799796033713295e-05 1.160099881996558058e-04 1.467358387816559452e-04 1.855995911826153360e-04 2.347566111535411861e-04 2.969331243088266714e-04 3.755774113391618279e-04 4.750510480653462341e-04 6.008707964180290580e-04 7.600145615053404248e-04 9.613083830060198225e-04 1.215915923251894128e-03 1.537957598782582064e-03 1.945293692122392450e-03 2.460514874796710348e-03 3.112195075536674464e-03 3.936476177163923673e-03 4.979072428712380018e-03 6.297805736557222402e-03 7.965812440625620258e-03 1.007559942201612969e-02 1.274417449188130526e-02 1.611953559057027405e-02 2.038887868501742390e-02 2.578897957057403253e-02 3.261932534721521254e-02 4.125872383572533331e-02 5.218631208440918656e-02 6.600812908840353321e-02 8.349072643232501034e-02 1.056036808869647292e-01 1.335733666889992177e-01 1.689509696895060420e-01 2.136985154045326907e-01 2.702976820436549521e-01 3.418874332368110336e-01 4.324381035068479151e-01 5.469715911876469328e-01 6.918398705853374686e-01 8.750772695383567390e-01 1.106846049527078213e+00 1.400000000000000133e+00
7.911000000000000254e-01 7.937999999999999501e-01 7.970000000000000417e-01 8.007999999999999563e-01 8.022000000000000242e-01 8.061000000000000387e-01 8.077499999999999680e-01 8.088999999999999524e-01 8.140500000000000513e-01 8.168999999999999595e-01 8.197999999999999732e-01 8.209999999999999520e-01 8.259999999999999565e-01 8.294000000000000261e-01 8.313000000000000389e-01 8.359999999999999654e-01 8.381499999999999506e-01 8.437000000000000055e-01 8.499999999999999778e-01 8.574500000000000455e-01 8.599999999999999867e-01 8.650499999999999856e-01 8.735500000000000487e-01 8.774499999999999522e-01 8.798500000000000210e-01 8.850999999999999979e-01 8.893999999999999684e-01 8.901999999999999913e-01 8.901000000000000023e-01 8.899500000000000188e-01 8.880500000000000060e-01 8.850000000000000089e-01 8.858500000000000263e-01 8.839500000000000135e-01 8.834499999999999575e-01 8.843499999999999694e-01 8.915999999999999481e-01 9.251500000000000279e-01 9.634500000000000286e-01 9.879499999999999948e-01 9.958000000000000185e-01 9.981499999999999817e-01 9.989000000000000101e-01 9.992999999999999661e-01 9.995000000000000551e-01 9.995500000000000496e-01 9.997000000000000330e-01 9.997500000000000275e-01 9.997500000000000275e-01 9.998000000000000220e-01
7.929000000000000492e-01 7.959000000000000519e-01 7.993000000000000105e-01 8.030500000000000416e-01 8.045999999999999819e-01 8.082000000000000295e-01 8.097499999999999698e-01 8.111000000000000432e-01 8.161000000000000476e-01 8.188999999999999613e-01 8.217499999999999805e-01 8.229999999999999538e-01 8.284500000000000197e-01 8.314500000000000224e-01 8.331499999999999462e-01 8.377000000000000002e-01 8.403000000000000469e-01 8.451999999999999513e-01 8.516500000000000181e-01 8.595000000000000417e-01 8.620499999999999829e-01 8.672499999999999654e-01 8.748500000000000165e-01 8.787500000000000311e-01 8.812499999999999778e-01 8.861999999999999877e-01 8.908000000000000362e-01 8.917000000000000481e-01 8.915499999999999536e-01 8.922499999999999876e-01 8.901499999999999968e-01 8.881499999999999950e-01 8.897500000000000409e-01 8.897500000000000409e-01 8.919500000000000206e-01 8.952499999999999902e-01 9.044999999999999707e-01 9.385000000000000009e-01 9.721999999999999531e-01 9.900499999999999856e-01 9.965500000000000469e-01 9.985000000000000542e-01 9.991999999999999771e-01 9.994499999999999496e-01 9.995500000000000496e-01 9.997000000000000330e-01 9.997500000000000275e-01 9.997500000000000275e-01 9.998500000000000165e-01 9.999000000000000110e-01
7.952000000000000179e-01 7.983999999999999986e-01 8.014499999999999957e-01 8.054000000000000048e-01 8.065999999999999837e-01 8.100000000000000533e-01 8.114500000000000046e-01 8.135499999999999954e-01 8.185499999999999998e-01 8.203500000000000236e-01 8.233500000000000263e-01 8.252000000000000446e-01 8.302500000000000435e-01 8.335500000000000131e-01 8.349499999999999700e-01 8.390999999999999570e-01 8.416500000000000092e-01 8.472499999999999476e-01 8.528499999999999970e-01 8.606000000000000316e-01 8.637000000000000233e-01 8.683999999999999497e-01 8.760999999999999899e-01 8.802999999999999714e-01 8.822499999999999787e-01 8.875499999999999501e-01 8.919000000000000261e-01 8.928500000000000325e-01 8.924499999999999655e-01 8.941000000000000059e-01 8.925499999999999545e-01 8.917500000000000426e-01 8.942499999999999893e-01 8.957500000000000462e-01 8.993499999999999828e-01 9.050000000000000266e-01 9.186999999999999611e-01 9.497999999999999776e-01 9.789499999999999869e-01 9.917000000000000259e-01 9.971499999999999808e-01 9.989000000000000101e-01 9.994499999999999496e-01 9.995000000000000551e-01 9.997000000000000330e-01 9.997500000000000275e-01 9.998000000000000220e-01 9.999000000000000110e-01 9.999000000000000110e-01 9.999500000000000055e-01
7.979500000000000481e-01 8.010000000000000453e-01 8.035499999999999865e-01 8.075499999999999901e-01 8.086499999999999799e-01 8.118499999999999606e-01 8.131500000000000394e-01 8.152000000000000357e-01 8.204500000000000126e-01 8.224000000000000199e-01 8.249999999999999556e-01 8.269499999999999629e-01 8.317499999999999893e-01 8.352500000000000480e-01 8.369499999999999718e-01 8.408999999999999808e-01 8.431499999999999551e-01 8.492499999999999494e-01 8.545000000000000373e-01 8.624000000000000554e-01 8.651499999999999746e-01 8.695500000000000451e-01 8.774999999999999467e-01 8.818500000000000227e-01 8.840500000000000025e-01 8.886500000000000510e-01 8.930500000000000105e-01 8.947000000000000508e-01 8.937500000000000444e-01 8.953499999999999792e-01 8.951000000000000068e-01 8.952999999999999847e-01 8.983499999999999819e-01 9.010500000000000176e-01 9.061500000000000110e-01 9.145999999999999686e-01 9.302500000000000213e-01 9.599999999999999645e-01 9.835500000000000353e-01 9.932999999999999607e-01 9.975500000000000478e-01 9.992499999999999716e-01 9.995000000000000551e-01 9.997000000000000330e-01 9.997500000000000275e-01 9.998000000000000220e-01 9.999000000000000110e-01 9.999000000000000110e-01 9.999500000000000055e-01 9.999500000000000055e-01
8.004499999999999948e-01 8.029500000000000526e-01 8.057999999999999607e-01 8.097499999999999698e-01 8.112500000000000266e-01 8.143500000000000183e-01 8.152000000000000357e-01 8.174500000000000099e-01 8.225000000000000089e-01 8.239499999999999602e-01 8.268999999999999684e-01 8.290499999999999536e-01 8.336999999999999966e-01 8.371499999999999497e-01 8.383000000000000451e-01 8.423500000000000432e-01 8.447000000000000064e-01 8.507000000000000117e-01 8.560999999999999721e-01 8.635000000000000453e-01 8.662499999999999645e-01 8.704499999999999460e-01 8.789500000000000091e-01 8.829000000000000181e-01 8.850000000000000089e-01 8.897000000000000464e-01 8.944499999999999673e-01 8.961999999999999966e-01 8.953999999999999737e-01 8.971000000000000085e-01 8.977500000000000480e-01 8.981000000000000094e-01 9.023999999999999799e-01 9.071000000000000174e-01 9.140000000000000346e-01 9.234999999999999876e-01 9.411000000000000476e-01 9.691999999999999504e-01 9.866500000000000270e-01 9.944499999999999451e-01 9.980999999999999872e-01 9.994499999999999496e-01 9.996000000000000441e-01 9.997500000000000275e-01 9.998000000000000220e-01 9.999000000000000110e-01 9.999000000000000110e-01 9.999500000000000055e-01 9.999500000000000055e-01 9.999500000000000055e-01
8.035499999999999865e-01 8.058499999999999552e-01 8.081500000000000350e-01 8.119499999999999496e-01 8.135999999999999899e-01 8.165999999999999925e-01 8.179499999999999549e-01 8.197499999999999787e-01 8.240499999999999492e-01 8.256999999999999895e-01 8.286499999999999977e-01 8.310999999999999499e-01 8.357499999999999929e-01 8.386500000000000066e-01 8.398499999999999854e-01 8.438499999999999890e-01 8.466000000000000192e-01 8.519999999999999796e-01 8.572999999999999510e-01 8.649999999999999911e-01 8.671499999999999764e-01 8.720999999999999863e-01 8.801999999999999824e-01 8.839000000000000190e-01 8.866000000000000547e-01 8.907000000000000473e-01 8.958000000000000407e-01 8.968000000000000416e-01 8.968000000000000416e-01 8.990000000000000213e-01 9.004999999999999671e-01 9.018000000000000460e-01 9.070000000000000284e-01 9.125499999999999723e-01 9.210500000000000353e-01 9.324000000000000066e-01 9.509999999999999565e-01 9.761999999999999567e-01 9.891999999999999682e-01 9.954499999999999460e-01 9.987000000000000322e-01 9.995000000000000551e-01 9.997500000000000275e-01 9.997500000000000275e-01 9.999000000000000110e-01 9.999000000000000110e-01 9.999500000000000055e-01 9.999500000000000055e-01 9.999500000000000055e-01 1.000000000000000000e+00
8.062500000000000222e-01 8.088999999999999524e-01 8.105499999999999927e-01 8.150500000000000522e-01 8.155000000000000027e-01 8.180500000000000549e-01 8.198999999999999622e-01 8.224000000000000199e-01 8.260499999999999510e-01 8.276000000000000023e-01 8.309999999999999609e-01 8.326000000000000068e-01 8.378999999999999782e-01 8.407999999999999918e-01 8.416500000000000092e-01 8.454500000000000348e-01 8.488499999999999934e-01 8.532499999999999529e-01 8.590999999999999748e-01 8.661999999999999700e-01 8.687000000000000277e-01 8.735500000000000487e-01 8.817000000000000393e-01 8.853999999999999648e-01 8.881000000000000005e-01 8.920000000000000151e-01 8.973999999999999755e-01 8.979500000000000259e-01 8.982499999999999929e-01 9.008000000000000451e-01 9.031000000000000139e-01 9.053999999999999826e-01 9.115499999999999714e-01 9.173499999999999988e-01 9.282000000000000250e-01 9.413500000000000201e-01 9.606500000000000039e-01 9.816000000000000281e-01 9.911999999999999700e-01 9.964499999999999469e-01 9.989500000000000046e-01 9.996500000000000385e-01 9.997500000000000275e-01 9.998500000000000165e-01 9.999000000000000110e-01 9.999500000000000055e-01 9.999500000000000055e-01 9.999500000000000055e-01 1.000000000000000000e+00 1.000000000000000000e+00
8.089499999999999469e-01 8.114000000000000101e-01 8.127999999999999670e-01 8.173500000000000210e-01 8.176499999999999879e-01 8.200499999999999456e-01 8.223500000000000254e-01 8.251500000000000501e-01 8.276000000000000023e-01 8.300999999999999490e-01 8.333000000000000407e-01 8.346000000000000085e-01 8.399999999999999689e-01 8.427000000000000046e-01 8.439499999999999780e-01 8.470999999999999641e-01 8.507500000000000062e-01 8.549499999999999877e-01 8.607500000000000151e-01 8.676500000000000323e-01 8.699500000000000011e-01 8.749500000000000055e-01 8.830999999999999961e-01 8.868500000000000272e-01 8.894999999999999574e-01 8.937000000000000499e-01 8.986499999999999488e-01 8.988500000000000378e-01 8.994999999999999662e-01 9.024999999999999689e-01 9.056999999999999496e-01 9.090000000000000302e-01 9.157499999999999529e-01 9.230000000000000426e-01 9.345499999999999918e-01 9.504500000000000171e-01 9.684000000000000385e-01 9.854000000000000536e-01 9.930499999999999883e-01 9.971499999999999808e-01 9.991499999999999826e-01 9.997500000000000275e-01 9.998000000000000220e-01 9.999000000000000110e-01 9.999500000000000055e-01 9.999500000000000055e-01 9.999500000000000055e-01 1.000000000000000000e+00 1.000000000000000000e+00 1.000000000000000000e+00
8.113000000000000211e-01 8.141500000000000403e-01 8.158999999999999586e-01 8.205000000000000071e-01 8.199999999999999512e-01 8.226499999999999924e-01 8.245000000000000107e-01 8.271500000000000519e-01 8.300999999999999490e-01 8.322000000000000508e-01 8.356000000000000094e-01 8.364500000000000268e-01 8.417999999999999927e-01 8.443000000000000504e-01 8.457500000000000018e-01 8.490999999999999659e-01 8.519999999999999796e-01 8.565000000000000391e-01 8.621999999999999664e-01 8.689999999999999947e-01 8.713499999999999579e-01 8.767000000000000348e-01 8.840000000000000080e-01 8.879500000000000171e-01 8.904499999999999638e-01 8.950500000000000123e-01 8.995999999999999552e-01 9.005499999999999616e-01 9.011500000000000066e-01 9.045999999999999597e-01 9.082500000000000018e-01 9.127999999999999448e-01 9.201000000000000290e-01 9.285499999999999865e-01 9.411000000000000476e-01 9.581499999999999462e-01 9.755000000000000338e-01 9.879999999999999893e-01 9.941499999999999782e-01 9.972999999999999643e-01 9.993999999999999551e-01 9.997500000000000275e-01 9.999000000000000110e-01 9.999500000000000055e-01 9.999500000000000055e-01 9.999500000000000055e-01 1.000000000000000000e+00 1.000000000000000000e+00 1.000000000000000000e+00 1.000000000000000000e+00
8.145000000000000018e-01 8.169999999999999485e-01 8.178999999999999604e-01 8.235999999999999988e-01 8.223500000000000254e-01 8.256499999999999950e-01 8.274500000000000188e-01 8.297499999999999876e-01 8.321499999999999453e-01 8.351499999999999480e-01 8.377499999999999947e-01 8.394000000000000350e-01 8.438999999999999835e-01 8.461499999999999577e-01 8.474500000000000366e-01 8.510499999999999732e-01 8.538000000000000034e-01 8.577500000000000124e-01 8.641499999999999737e-01 8.701499999999999790e-01 8.730999999999999872e-01 8.780000000000000027e-01 8.853999999999999648e-01 8.894999999999999574e-01 8.913999999999999702e-01 8.961999999999999966e-01 9.002999999999999892e-01 9.018000000000000460e-01 9.026999999999999469e-01 9.070500000000000229e-01 9.108000000000000540e-01 9.163000000000000034e-01 9.244999999999999885e-01 9.334999999999999964e-01 9.475999999999999979e-01 9.650999999999999579e-01 9.810999999999999721e-01 9.901499999999999746e-01 9.953499999999999570e-01 9.979999999999999982e-01 9.994499999999999496e-01 9.998000000000000220e-01 9.999000000000000110e-01 9.999500000000000055e-01 9.999500000000000055e-01 1.000000000000000000e+00 1.000000000000000000e+00 1.000000000000000000e+00 1.000000000000000000e+00 1.000000000000000000e+00
8.181000000000000494e-01 8.199499999999999567e-01 8.209999999999999520e-01 8.259999999999999565e-01 8.242000000000000437e-01 8.277499999999999858e-01 8.299499999999999655e-01 8.323000000000000398e-01 8.344000000000000306e-01 8.375500000000000167e-01 8.397000000000000020e-01 8.417000000000000037e-01 8.463500000000000467e-01 8.485500000000000265e-01 8.494500000000000384e-01 8.531999999999999584e-01 8.554000000000000492e-01 8.594500000000000473e-01 8.657000000000000250e-01 8.718500000000000139e-01 8.747500000000000275e-01 8.796000000000000485e-01 8.874999999999999556e-01 8.908500000000000307e-01 8.927500000000000435e-01 8.974499999999999700e-01 9.011500000000000066e-01 9.030000000000000249e-01 9.041000000000000147e-01 9.095499999999999696e-01 9.135499999999999732e-01 9.201500000000000234e-01 9.284000000000000030e-01 9.383000000000000229e-01 9.547499999999999876e-01 9.713000000000000522e-01 9.856000000000000316e-01 9.919999999999999929e-01 9.962499999999999689e-01 9.985500000000000487e-01 9.997000000000000330e-01 9.998500000000000165e-01 9.999500000000000055e-01 9.999500000000000055e-01 1.000000000000000000e+00 1.000000000000000000e+00 1.000000000000000000e+00 1.000000000000000000e+00 1.000000000000000000e+00 1.000000000000000000e+00
8.214000000000000190e-01 8.226499999999999924e-01 8.246999999999999886e-01 8.290499999999999536e-01 8.269999999999999574e-01 8.303000000000000380e-01 8.333000000000000407e-01 8.346000000000000085e-01 8.369999999999999662e-01 8.403000000000000469e-01 8.415500000000000203e-01 8.439499999999999780e-01 8.482499999999999485e-01 8.512999999999999456e-01 8.509999999999999787e-01 8.551499999999999657e-01 8.574000000000000510e-01 8.614000000000000545e-01 8.669499999999999984e-01 8.732999999999999652e-01 8.764499999999999513e-01 8.808500000000000218e-01 8.888500000000000290e-01 8.924999999999999600e-01 8.943999999999999728e-01 8.988500000000000378e-01 9.023999999999999799e-01 9.041500000000000092e-01 9.058500000000000441e-01 9.113999999999999879e-01 9.163000000000000034e-01 9.234499999999999931e-01 9.332000000000000295e-01 9.437499999999999778e-01 9.612000000000000544e-01 9.773500000000000520e-01 9.880999999999999783e-01 9.935000000000000497e-01 9.968000000000000194e-01 9.989000000000000101e-01 9.997000000000000330e-01 9.999000000000000110e-01 9.999500000000000055e-01 1.000000000000000000e+00 1.000000000000000000e+00 1.000000000000000000e+00 1.000000000000000000e+00 1.000000000000000000e+00 1.000000000000000000e+00 1.000000000000000000e+00
8.235000000000000098e-01 8.262000000000000455e-01 8.276000000000000023e-01 8.325500000000000123e-01 8.297999999999999821e-01 8.331499999999999462e-01 8.357999999999999874e-01 8.372500000000000497e-01 8.394500000000000295e-01 8.428499999999999881e-01 8.435500000000000220e-01 8.457999999999999963e-01 8.502499999999999503e-01 8.531999999999999584e-01 8.532499999999999529e-01 8.567000000000000171e-01 8.594000000000000528e-01 8.629999999999999893e-01 8.684500000000000552e-01 8.751999999999999780e-01 8.780499999999999972e-01 8.822999999999999732e-01 8.901000000000000023e-01 8.934499999999999664e-01 8.959000000000000297e-01 8.995999999999999552e-01 9.038000000000000478e-01 9.057500000000000551e-01 9.082999999999999963e-01 9.133000000000000007e-01 9.200500000000000345e-01 9.274000000000000021e-01 9.375999999999999890e-01 9.491500000000000492e-01 9.667000000000000037e-01 9.822999999999999510e-01 9.901499999999999746e-01 9.945000000000000506e-01 9.971999999999999753e-01 9.990999999999999881e-01 9.997500000000000275e-01 9.999500000000000055e-01 9.999500000000000055e-01 1.000000000000000000e+00 1.000000000000000000e+00 1.000000000000000000e+00 1.000000000000000000e+00 1.000000000000000000e+00 1.000000000000000000e+00 1.000000000000000000e+00
8.273000000000000353e-01 8.294500000000000206e-01 8.303500000000000325e-01 8.352500000000000480e-01 8.326999999999999957e-01 8.358499999999999819e-01 8.382500000000000506e-01 8.394500000000000295e-01 8.421499999999999542e-01 8.455500000000000238e-01 8.465500000000000247e-01 8.485500000000000265e-01 8.528499999999999970e-01 8.554500000000000437e-01 8.552999999999999492e-01 8.588500000000000023e-01 8.613499999999999490e-01 8.649499999999999966e-01 8.698500000000000121e-01 8.769000000000000128e-01 8.794499999999999540e-01 8.840999999999999970e-01 8.916500000000000536e-01 8.945499999999999563e-01 8.970500000000000140e-01 9.007500000000000506e-01 9.050000000000000266e-01 9.072999999999999954e-01 9.100500000000000256e-01 9.157999999999999474e-01 9.227999999999999536e-01 9.306499999999999773e-01 9.416499999999999870e-01 9.546000000000000041e-01 9.719999999999999751e-01 9.859999999999999876e-01 9.913499999999999535e-01 9.957000000000000295e-01 9.975500000000000478e-01 9.992999999999999661e-01 9.997500000000000275e-01 9.999500000000000055e-01 1.000000000000000000e+00 1.000000000000000000e+00 1.000000000000000000e+00 1.000000000000000000e+00 1.000000000000000000e+00 1.000000000000000000e+00 1.000000000000000000e+00 1.000000000000000000e+00
8.307499999999999885e-01 8.324500000000000233e-01 8.329499999999999682e-01 8.377999999999999892e-01 8.356000000000000094e-01 8.391499999999999515e-01 8.408499999999999863e-01 8.417999999999999927e-01 8.452499999999999458e-01 8.479499999999999815e-01 8.488499999999999934e-01 8.509999999999999787e-01 8.552999999999999492e-01 8.575500000000000345e-01 8.580999999999999739e-01 8.603499999999999481e-01 8.634500000000000508e-01 8.668000000000000149e-01 8.719000000000000083e-01 8.784999999999999476e-01 8.810000000000000053e-01 8.858000000000000318e-01 8.931499999999999995e-01 8.961000000000000076e-01 8.987000000000000544e-01 9.018500000000000405e-01 9.062999999999999945e-01 9.087499999999999467e-01 9.121500000000000163e-01 9.179500000000000437e-01 9.254999999999999893e-01 9.340500000000000469e-01 9.452000000000000401e-01 9.599499999999999700e-01 9.767000000000000126e-01 9.892499999999999627e-01 9.929000000000000048e-01 9.962499999999999689e-01 9.982499999999999707e-01 9.995000000000000551e-01 9.998500000000000165e-01 9.999500000000000055e-01 1.000000000000000000e+00 1.000000000000000000e+00 1.000000000000000000e+00 1.000000000000000000e+00 1.000000000000000000e+00 1.000000000000000000e+00 1.000000000000000000e+00 1.000000000000000000e+00
8.337999999999999856e-01 8.358999999999999764e-01 8.363500000000000378e-01 8.407000000000000028e-01 8.388999999999999790e-01 8.424500000000000322e-01 8.437500000000000000e-01 8.443000000000000504e-01 8.484500000000000375e-01 8.501999999999999558e-01 8.516500000000000181e-01 8.534500000000000419e-01 8.577500000000000124e-01 8.596500000000000252e-01 8.601999999999999647e-01 8.626000000000000334e-01 8.651999999999999691e-01 8.686000000000000387e-01 8.739500000000000046e-01 8.801999999999999824e-01 8.826500000000000457e-01 8.879500000000000171e-01 8.948500000000000343e-01 8.979500000000000259e-01 8.999500000000000277e-01 9.029000000000000359e-01 9.075999999999999623e-01 9.102000000000000091e-01 9.141500000000000181e-01 9.203500000000000014e-01 9.284499999999999975e-01 9.374000000000000110e-01 9.493000000000000327e-01 9.656000000000000139e-01 9.809999999999999831e-01 9.907500000000000195e-01 9.941499999999999782e-01 9.969500000000000028e-01 9.986500000000000377e-01 9.996500000000000385e-01 9.999500000000000055e-01 1.000000000000000000e+00 1.000000000000000000e+00 1.000000000000000000e+00 1.000000000000000000e+00 1.000000000000000000e+00 1.000000000000000000e+00 1.000000000000000000e+00 1.000000000000000000e+00 1.000000000000000000e+00
8.367999999999999883e-01 8.388499999999999845e-01 8.403000000000000469e-01 8.436500000000000110e-01 8.418499999999999872e-01 8.453000000000000513e-01 8.467500000000000027e-01 8.474500000000000366e-01 8.518499999999999961e-01 8.528499999999999970e-01 8.538499999999999979e-01 8.558499999999999996e-01 8.600999999999999757e-01 8.615000000000000435e-01 8.624500000000000499e-01 8.642999999999999572e-01 8.670499999999999874e-01 8.701499999999999790e-01 8.757000000000000339e-01 8.819000000000000172e-01 8.840500000000000025e-01 8.892499999999999849e-01 8.961000000000000076e-01 8.993999999999999773e-01 9.012999999999999901e-01 9.044999999999999707e-01 9.090000000000000302e-01 9.121000000000000218e-01 9.156999999999999584e-01 9.231500000000000261e-01 9.311000000000000387e-01 9.413500000000000201e-01 9.533500000000000307e-01 9.697999999999999954e-01 9.848500000000000032e-01 9.920499999999999874e-01 9.952999999999999625e-01 9.973999999999999533e-01 9.989999999999999991e-01 9.997000000000000330e-01 9.999500000000000055e-01 1.000000000000000000e+00 1.000000000000000000e+00 1.000000000000000000e+00 1.000000000000000000e+00 1.000000000000000000e+00 1.000000000000000000e+00 1.000000000000000000e+00 1.000000000000000000e+00 1.000000000000000000e+00
8.406000000000000139e-01 8.423000000000000487e-01 8.440999999999999615e-01 8.473500000000000476e-01 8.453000000000000513e-01 8.483500000000000485e-01 8.496000000000000218e-01 8.505500000000000282e-01 8.546000000000000263e-01 8.556000000000000272e-01 8.564500000000000446e-01 8.587000000000000188e-01 8.624500000000000499e-01 8.638000000000000123e-01 8.648000000000000131e-01 8.665000000000000480e-01 8.692499999999999671e-01 8.713999999999999524e-01 8.778500000000000192e-01 8.835499999999999465e-01 8.856000000000000538e-01 8.913499999999999757e-01 8.973999999999999755e-01 9.010000000000000231e-01 9.026999999999999469e-01 9.058500000000000441e-01 9.102999999999999980e-01 9.139000000000000457e-01 9.176999999999999602e-01 9.254000000000000004e-01 9.341500000000000359e-01 9.446999999999999842e-01 9.578999999999999737e-01 9.747999999999999998e-01 9.881999999999999673e-01 9.933999999999999497e-01 9.960999999999999854e-01 9.977000000000000313e-01 9.991999999999999771e-01 9.997500000000000275e-01 9.999500000000000055e-01 1.000000000000000000e+00 1.000000000000000000e+00 1.000000000000000000e+00 1.000000000000000000e+00 1.000000000000000000e+00 1.000000000000000000e+00 1.000000000000000000e+00 1.000000000000000000e+00 1.000000000000000000e+00
8.442499999999999449e-01 8.453500000000000458e-01 8.467000000000000082e-01 8.508000000000000007e-01 8.485500000000000265e-01 8.511999999999999567e-01 8.522499999999999520e-01 8.536000000000000254e-01 8.574000000000000510e-01 8.584000000000000519e-01 8.595000000000000417e-01 8.614000000000000545e-01 8.649000000000000021e-01 8.661999999999999700e-01 8.670999999999999819e-01 8.684500000000000552e-01 8.715000000000000524e-01 8.735500000000000487e-01 8.795500000000000540e-01 8.852999999999999758e-01 8.878500000000000281e-01 8.929000000000000270e-01 8.984999999999999654e-01 9.023999999999999799e-01 9.040000000000000258e-01 9.072500000000000009e-01 9.121500000000000163e-01 9.158500000000000529e-01 9.197499999999999565e-01 9.281500000000000306e-01 9.367499999999999716e-01 9.475500000000000034e-01 9.623500000000000387e-01 9.788999999999999924e-01 9.908500000000000085e-01 9.945000000000000506e-01 9.967500000000000249e-01 9.983999999999999542e-01 9.993999999999999551e-01 9.997500000000000275e-01 9.999500000000000055e-01 1.000000000000000000e+00 1.000000000000000000e+00 1.000000000000000000e+00 1.000000000000000000e+00 1.000000000000000000e+00 1.000000000000000000e+00 1.000000000000000000e+00 1.000000000000000000e+00 1.000000000000000000e+00
8.477500000000000036e-01 8.485500000000000265e-01 8.502499999999999503e-01 8.535000000000000364e-01 8.525500000000000300e-01 8.544500000000000428e-01 8.550499999999999767e-01 8.570499999999999785e-01 8.605000000000000426e-01 8.614500000000000490e-01 8.624000000000000554e-01 8.646000000000000352e-01 8.678500000000000103e-01 8.689500000000000002e-01 8.694499999999999451e-01 8.708500000000000130e-01 8.735500000000000487e-01 8.760499999999999954e-01 8.818500000000000227e-01 8.868500000000000272e-01 8.899500000000000188e-01 8.942499999999999893e-01 9.002499999999999947e-01 9.037500000000000533e-01 9.052000000000000046e-01 9.086999999999999522e-01 9.135499999999999732e-01 9.176499999999999657e-01 9.217499999999999583e-01 9.302500000000000213e-01 9.398499999999999632e-01 9.508499999999999730e-01 9.670499999999999652e-01 9.819999999999999840e-01 9.923499999999999543e-01 9.953999999999999515e-01 9.971999999999999753e-01 9.986500000000000377e-01 9.995000000000000551e-01 9.998000000000000220e-01 9.999500000000000055e-01 1.000000000000000000e+00 1.000000000000000000e+00 1.000000000000000000e+00 1.000000000000000000e+00 1.000000000000000000e+00 1.000000000000000000e+00 1.000000000000000000e+00 1.000000000000000000e+00 1.000000000000000000e+00
8.517500000000000071e-01 8.529999999999999805e-01 8.533500000000000529e-01 8.562499999999999556e-01 8.555500000000000327e-01 8.575500000000000345e-01 8.578000000000000069e-01 8.601999999999999647e-01 8.631499999999999728e-01 8.649999999999999911e-01 8.655000000000000471e-01 8.678500000000000103e-01 8.700499999999999901e-01 8.715000000000000524e-01 8.716500000000000359e-01 8.731499999999999817e-01 8.755500000000000504e-01 8.782499999999999751e-01 8.834999999999999520e-01 8.887000000000000455e-01 8.919500000000000206e-01 8.961999999999999966e-01 9.023499999999999854e-01 9.052000000000000046e-01 9.064499999999999780e-01 9.100500000000000256e-01 9.150500000000000300e-01 9.196999999999999620e-01 9.241500000000000270e-01 9.326499999999999790e-01 9.424000000000000155e-01 9.546000000000000041e-01 9.710999999999999632e-01 9.855000000000000426e-01 9.936000000000000387e-01 9.963499999999999579e-01 9.976000000000000423e-01 9.989999999999999991e-01 9.997000000000000330e-01 9.998500000000000165e-01 1.000000000000000000e+00 1.000000000000000000e+00 1.000000000000000000e+00 1.000000000000000000e+00 1.000000000000000000e+00 1.000000000000000000e+00 1.000000000000000000e+00 1.000000000000000000e+00 1.000000000000000000e+00 1.000000000000000000e+00
8.555500000000000327e-01 8.571999999999999620e-01 8.571499999999999675e-01 8.599499999999999922e-01 8.591999999999999638e-01 8.603499999999999481e-01 8.609999999999999876e-01 8.632999999999999563e-01 8.659999999999999920e-01 8.672999999999999599e-01 8.678500000000000103e-01 8.708500000000000130e-01 8.726000000000000423e-01 8.742999999999999661e-01 8.738500000000000156e-01 8.754499999999999504e-01 8.778500000000000192e-01 8.808500000000000218e-01 8.858000000000000318e-01 8.902499999999999858e-01 8.935499999999999554e-01 8.978500000000000369e-01 9.041000000000000147e-01 9.069500000000000339e-01 9.082999999999999963e-01 9.118000000000000549e-01 9.169500000000000428e-01 9.210500000000000353e-01 9.264000000000000012e-01 9.350500000000000478e-01 9.455500000000000016e-01 9.576999999999999957e-01 9.743500000000000494e-01 9.882999999999999563e-01 9.946000000000000396e-01 9.968500000000000139e-01 9.981499999999999817e-01 9.991999999999999771e-01 9.997500000000000275e-01 9.999000000000000110e-01 1.000000000000000000e+00 1.000000000000000000e+00 1.000000000000000000e+00 1.000000000000000000e+00 1.000000000000000000e+00 1.000000000000000000e+00 1.000000000000000000e+00 1.000000000000000000e+00 1.000000000000000000e+00 1.000000000000000000e+00
8.597500000000000142e-01 8.606000000000000316e-01 8.608999999999999986e-01 8.638500000000000068e-01 8.626500000000000279e-01 8.637000000000000233e-01 8.639999999999999902e-01 8.660999999999999810e-01 8.688500000000000112e-01 8.701499999999999790e-01 8.706000000000000405e-01 8.735500000000000487e-01 8.750499999999999945e-01 8.767500000000000293e-01 8.762999999999999678e-01 8.777500000000000302e-01 8.796500000000000430e-01 8.833499999999999686e-01 8.878500000000000281e-01 8.920000000000000151e-01 8.957000000000000517e-01 8.993499999999999828e-01 9.061000000000000165e-01 9.086999999999999522e-01 9.095999999999999641e-01 9.131500000000000172e-01 9.189500000000000446e-01 9.228499999999999481e-01 9.286499999999999755e-01 9.376499999999999835e-01 9.485500000000000043e-01 9.614000000000000323e-01 9.782499999999999529e-01 9.909999999999999920e-01 9.955000000000000515e-01 9.971999999999999753e-01 9.986000000000000432e-01 9.994499999999999496e-01 9.997500000000000275e-01 9.999500000000000055e-01 1.000000000000000000e+00 1.000000000000000000e+00 1.000000000000000000e+00 1.000000000000000000e+00 1.000000000000000000e+00 1.000000000000000000e+00 1.000000000000000000e+00 1.000000000000000000e+00 1.000000000000000000e+00 1.000000000000000000e+00
8.633499999999999508e-01 8.634500000000000508e-01 8.645500000000000407e-01 8.669499999999999984e-01 8.659999999999999920e-01 8.670999999999999819e-01 8.677000000000000268e-01 8.696500000000000341e-01 8.721999999999999753e-01 8.733999999999999542e-01 8.744499999999999496e-01 8.767000000000000348e-01 8.775500000000000522e-01 8.793499999999999650e-01 8.784499999999999531e-01 8.803499999999999659e-01 8.821999999999999842e-01 8.853499999999999703e-01 8.900500000000000078e-01 8.942999999999999838e-01 8.977000000000000535e-01 9.005999999999999561e-01 9.074499999999999789e-01 9.102000000000000091e-01 9.112999999999999989e-01 9.151000000000000245e-01 9.208499999999999464e-01 9.246999999999999664e-01 9.308999999999999497e-01 9.398499999999999632e-01 9.508999999999999675e-01 9.652500000000000524e-01 9.814500000000000446e-01 9.929499999999999993e-01 9.961499999999999799e-01 9.977000000000000313e-01 9.989999999999999991e-01 9.995000000000000551e-01 9.998000000000000220e-01 9.999500000000000055e-01 1.000000000000000000e+00 1.000000000000000000e+00 1.000000000000000000e+00 1.000000000000000000e+00 1.000000000000000000e+00 1.000000000000000000e+00 1.000000000000000000e+00 1.000000000000000000e+00 1.000000000000000000e+00 1.000000000000000000e+00
8.662999999999999590e-01 8.670499999999999874e-01 8.677000000000000268e-01 8.707000000000000295e-01 8.691999999999999726e-01 8.700499999999999901e-01 8.717500000000000249e-01 8.731499999999999817e-01 8.756500000000000394e-01 8.762999999999999678e-01 8.777500000000000302e-01 8.796000000000000485e-01 8.806000000000000494e-01 8.817500000000000338e-01 8.810499999999999998e-01 8.829000000000000181e-01 8.844499999999999584e-01 8.876500000000000501e-01 8.920000000000000151e-01 8.966499999999999471e-01 8.991999999999999993e-01 9.029000000000000359e-01 9.094999999999999751e-01 9.113999999999999879e-01 9.128500000000000503e-01 9.164499999999999869e-01 9.226999999999999647e-01 9.268999999999999462e-01 9.327999999999999625e-01 9.422500000000000320e-01 9.535500000000000087e-01 9.687500000000000000e-01 9.841999999999999638e-01 9.940999999999999837e-01 9.965500000000000469e-01 9.983999999999999542e-01 9.990499999999999936e-01 9.997000000000000330e-01 9.998500000000000165e-01 9.999500000000000055e-01 1.000000000000000000e+00 1.000000000000000000e+00 1.000000000000000000e+00 1.000000000000000000e+00 1.000000000000000000e+00 1.000000000000000000e+00 1.000000000000000000e+00 1.000000000000000000e+00 1.000000000000000000e+00 1.000000000000000000e+00
8.707500000000000240e-01 8.707000000000000295e-01 8.707500000000000240e-01 8.743999999999999551e-01 8.725500000000000478e-01 8.732499999999999707e-01 8.753499999999999615e-01 8.766000000000000458e-01 8.789000000000000146e-01 8.794999999999999485e-01 8.813999999999999613e-01 8.826500000000000457e-01 8.831499999999999906e-01 8.841499999999999915e-01 8.832499999999999796e-01 8.856000000000000538e-01 8.873499999999999721e-01 8.901999999999999913e-01 8.938500000000000334e-01 8.991999999999999993e-01 9.013499999999999845e-01 9.051000000000000156e-01 9.111500000000000155e-01 9.127499999999999503e-01 9.141500000000000181e-01 9.179500000000000437e-01 9.249500000000000499e-01 9.285999999999999810e-01 9.352000000000000313e-01 9.445500000000000007e-01 9.560499999999999554e-01 9.725000000000000311e-01 9.870999999999999774e-01 9.949999999999999956e-01 9.971999999999999753e-01 9.986500000000000377e-01 9.992999999999999661e-01 9.997500000000000275e-01 9.998500000000000165e-01 9.999500000000000055e-01 1.000000000000000000e+00 1.000000000000000000e+00 1.000000000000000000e+00 1.000000000000000000e+00 1.000000000000000000e+00 1.000000000000000000e+00 1.000000000000000000e+00 1.000000000000000000e+00 1.000000000000000000e+00 1.000000000000000000e+00
8.745500000000000496e-01 8.743999999999999551e-01 8.739000000000000101e-01 8.782499999999999751e-01 8.758500000000000174e-01 8.764999999999999458e-01 8.786000000000000476e-01 8.796000000000000485e-01 8.820000000000000062e-01 8.829000000000000181e-01 8.850500000000000034e-01 8.850999999999999979e-01 8.868000000000000327e-01 8.866000000000000547e-01 8.857000000000000428e-01 8.881000000000000005e-01 8.901999999999999913e-01 8.928000000000000380e-01 8.956499999999999462e-01 9.011000000000000121e-01 9.041000000000000147e-01 9.078000000000000513e-01 9.131500000000000172e-01 9.145499999999999741e-01 9.161500000000000199e-01 9.199000000000000510e-01 9.264499999999999957e-01 9.308499999999999552e-01 9.371500000000000385e-01 9.470499999999999474e-01 9.589999999999999636e-01 9.754500000000000393e-01 9.895500000000000407e-01 9.958500000000000130e-01 9.975500000000000478e-01 9.989999999999999991e-01 9.995000000000000551e-01 9.997500000000000275e-01 9.999500000000000055e-01 1.000000000000000000e+00 1.000000000000000000e+00 1.000000000000000000e+00 1.000000000000000000e+00 1.000000000000000000e+00 1.000000000000000000e+00 1.000000000000000000e+00 1.000000000000000000e+00 1.000000000000000000e+00 1.000000000000000000e+00 1.000000000000000000e+00
8.789000000000000146e-01 8.781499999999999861e-01 8.784499999999999531e-01 8.817000000000000393e-01 8.790999999999999925e-01 8.803499999999999659e-01 8.821499999999999897e-01 8.828500000000000236e-01 8.850000000000000089e-01 8.854999999999999538e-01 8.874499999999999611e-01 8.878000000000000336e-01 8.895999999999999464e-01 8.887500000000000400e-01 8.886500000000000510e-01 8.905499999999999527e-01 8.931499999999999995e-01 8.951000000000000068e-01 8.973499999999999810e-01 9.029500000000000304e-01 9.058500000000000441e-01 9.096499999999999586e-01 9.152000000000000135e-01 9.166499999999999648e-01 9.176999999999999602e-01 9.223000000000000087e-01 9.283500000000000085e-01 9.328499999999999570e-01 9.395999999999999908e-01 9.493000000000000327e-01 9.619999999999999662e-01 9.786000000000000254e-01 9.918000000000000149e-01 9.962499999999999689e-01 9.980999999999999872e-01 9.990999999999999881e-01 9.996000000000000441e-01 9.998000000000000220e-01 9.999500000000000055e-01 1.000000000000000000e+00 1.000000000000000000e+00 1.000000000000000000e+00 1.000000000000000000e+00 1.000000000000000000e+00 1.000000000000000000e+00 1.000000000000000000e+00 1.000000000000000000e+00 1.000000000000000000e+00 1.000000000000000000e+00 1.000000000000000000e+00
8.821999999999999842e-01 8.817500000000000338e-01 8.824499999999999567e-01 8.850500000000000034e-01 8.828500000000000236e-01 8.835499999999999465e-01 8.854999999999999538e-01 8.861499999999999932e-01 8.882499999999999840e-01 8.886500000000000510e-01 8.906500000000000528e-01 8.909500000000000197e-01 8.926500000000000545e-01 8.922499999999999876e-01 8.914499999999999647e-01 8.925499999999999545e-01 8.959000000000000297e-01 8.975499999999999590e-01 8.992499999999999938e-01 9.050500000000000211e-01 9.078000000000000513e-01 9.119000000000000439e-01 9.169000000000000483e-01 9.180000000000000382e-01 9.189000000000000501e-01 9.240500000000000380e-01 9.300500000000000433e-01 9.348499999999999588e-01 9.418999999999999595e-01 9.516499999999999959e-01 9.650999999999999579e-01 9.815500000000000336e-01 9.932999999999999607e-01 9.967500000000000249e-01 9.985500000000000487e-01 9.992499999999999716e-01 9.997500000000000275e-01 9.998500000000000165e-01 9.999500000000000055e-01 1.000000000000000000e+00 1.000000000000000000e+00 1.000000000000000000e+00 1.000000000000000000e+00 1.000000000000000000e+00 1.000000000000000000e+00 1.000000000000000000e+00 1.000000000000000000e+00 1.000000000000000000e+00 1.000000000000000000e+00 1.000000000000000000e+00
8.858000000000000318e-01 8.860999999999999988e-01 8.861499999999999932e-01 8.889000000000000234e-01 8.860999999999999988e-01 8.869500000000000162e-01 8.887500000000000400e-01 8.904499999999999638e-01 8.919000000000000261e-01 8.918000000000000371e-01 8.939500000000000224e-01 8.938500000000000334e-01 8.957000000000000517e-01 8.953499999999999792e-01 8.939500000000000224e-01 8.954999999999999627e-01 8.981500000000000039e-01 9.000000000000000222e-01 9.018500000000000405e-01 9.077499999999999458e-01 9.094999999999999751e-01 9.135999999999999677e-01 9.187999999999999501e-01 9.199500000000000455e-01 9.209500000000000464e-01 9.262500000000000178e-01 9.321500000000000341e-01 9.371500000000000385e-01 9.437499999999999778e-01 9.536999999999999922e-01 9.679499999999999771e-01 9.841499999999999693e-01 9.946500000000000341e-01 9.972499999999999698e-01 9.989000000000000101e-01 9.995000000000000551e-01 9.997500000000000275e-01 9.998500000000000165e-01 9.999500000000000055e-01 1.000000000000000000e+00 1.000000000000000000e+00 1.000000000000000000e+00 1.000000000000000000e+00 1.000000000000000000e+00 1.000000000000000000e+00 1.000000000000000000e+00 1.000000000000000000e+00 1.000000000000000000e+00 1.000000000000000000e+00 1.000000000000000000e+00
8.897000000000000464e-01 8.892499999999999849e-01 8.899500000000000188e-01 8.924499999999999655e-01 8.898500000000000298e-01 8.910500000000000087e-01 8.928000000000000380e-01 8.938500000000000334e-01 8.955499999999999572e-01 8.959000000000000297e-01 8.971999999999999975e-01 8.969500000000000250e-01 8.981999999999999984e-01 8.980500000000000149e-01 8.970000000000000195e-01 8.981500000000000039e-01 9.010000000000000231e-01 9.025999999999999579e-01 9.042999999999999927e-01 9.095999999999999641e-01 9.120000000000000329e-01 9.164499999999999869e-01 9.202500000000000124e-01 9.216999999999999638e-01 9.227999999999999536e-01 9.285499999999999865e-01 9.341000000000000414e-01 9.388499999999999623e-01 9.456999999999999851e-01 9.557999999999999829e-01 9.711499999999999577e-01 9.866500000000000270e-01 9.955500000000000460e-01 9.976000000000000423e-01 9.991999999999999771e-01 9.996500000000000385e-01 9.997500000000000275e-01 9.999500000000000055e-01 9.999500000000000055e-01 1.000000000000000000e+00 1.000000000000000000e+00 1.000000000000000000e+00 1.000000000000000000e+00 1.000000000000000000e+00 1.000000000000000000e+00 1.000000000000000000e+00 1.000000000000000000e+00 1.000000000000000000e+00 1.000000000000000000e+00 1.000000000000000000e+00
8.937500000000000444e-01 8.927500000000000435e-01 8.940500000000000114e-01 8.961500000000000021e-01 8.931999999999999940e-01 8.945499999999999563e-01 8.955999999999999517e-01 8.978000000000000425e-01 8.991000000000000103e-01 8.997500000000000497e-01 9.005999999999999561e-01 8.999500000000000277e-01 9.012999999999999901e-01 9.009000000000000341e-01 8.999500000000000277e-01 9.011500000000000066e-01 9.038000000000000478e-01 9.048500000000000432e-01 9.074999999999999734e-01 9.123499999999999943e-01 9.143499999999999961e-01 9.184999999999999831e-01 9.222500000000000142e-01 9.233000000000000096e-01 9.244499999999999940e-01 9.308999999999999497e-01 9.362000000000000322e-01 9.412500000000000311e-01 9.478499999999999703e-01 9.577499999999999902e-01 9.741999999999999549e-01 9.884500000000000508e-01 9.960499999999999909e-01 9.980999999999999872e-01 9.992999999999999661e-01 9.997500000000000275e-01 9.998000000000000220e-01 9.999500000000000055e-01 1.000000000000000000e+00 1.000000000000000000e+00 1.000000000000000000e+00 1.000000000000000000e+00 1.000000000000000000e+00 1.000000000000000000e+00 1.000000000000000000e+00 1.000000000000000000e+00 1.000000000000000000e+00 1.000000000000000000e+00 1.000000000000000000e+00 1.000000000000000000e+00
8.971000000000000085e-01 8.969500000000000250e-01 8.972999999999999865e-01 8.999500000000000277e-01 8.964499999999999691e-01 8.982999999999999874e-01 8.997500000000000497e-01 9.015499999999999625e-01 9.023499999999999854e-01 9.036999999999999478e-01 9.034499999999999753e-01 9.032000000000000028e-01 9.042000000000000037e-01 9.037500000000000533e-01 9.027500000000000524e-01 9.039500000000000313e-01 9.064499999999999780e-01 9.073499999999999899e-01 9.101000000000000201e-01 9.151500000000000190e-01 9.174999999999999822e-01 9.207499999999999574e-01 9.243000000000000105e-01 9.255499999999999838e-01 9.267999999999999572e-01 9.325499999999999901e-01 9.382000000000000339e-01 9.428999999999999604e-01 9.497499999999999831e-01 9.605500000000000149e-01 9.768999999999999906e-01 9.907500000000000195e-01 9.965500000000000469e-01 9.985500000000000487e-01 9.995000000000000551e-01 9.997500000000000275e-01 9.998500000000000165e-01 9.999500000000000055e-01 1.000000000000000000e+00 1.000000000000000000e+00 1.000000000000000000e+00 1.000000000000000000e+00 1.000000000000000000e+00 1.000000000000000000e+00 1.000000000000000000e+00 1.000000000000000000e+00 1.000000000000000000e+00 1.000000000000000000e+00 1.000000000000000000e+00 1.000000000000000000e+00
9.005999999999999561e-01 9.005999999999999561e-01 9.010500000000000176e-01 9.032499999999999973e-01 9.006999999999999451e-01 9.017500000000000515e-01 9.035499999999999643e-01 9.042999999999999927e-01 9.060000000000000275e-01 9.066999999999999504e-01 9.070000000000000284e-01 9.072500000000000009e-01 9.071500000000000119e-01 9.066999999999999504e-01 9.062000000000000055e-01 9.072999999999999954e-01 9.098000000000000531e-01 9.093999999999999861e-01 9.122500000000000053e-01 9.177499999999999547e-01 9.203500000000000014e-01 9.233500000000000041e-01 9.262000000000000233e-01 9.273500000000000076e-01 9.286999999999999700e-01 9.342500000000000249e-01 9.403000000000000247e-01 9.448999999999999622e-01 9.523500000000000298e-01 9.626000000000000112e-01 9.791499999999999648e-01 9.922499999999999654e-01 9.970499999999999918e-01 9.989999999999999991e-01 9.996500000000000385e-01 9.998000000000000220e-01 9.999500000000000055e-01 9.999500000000000055e-01 1.000000000000000000e+00 1.000000000000000000e+00 1.000000000000000000e+00 1.000000000000000000e+00 1.000000000000000000e+00 1.000000000000000000e+00 1.000000000000000000e+00 1.000000000000000000e+00 1.000000000000000000e+00 1.000000000000000000e+00 1.000000000000000000e+00 1.000000000000000000e+00
9.046499999999999542e-01 9.054499999999999771e-01 9.048000000000000487e-01 9.065499999999999670e-01 9.043999999999999817e-01 9.056999999999999496e-01 9.065999999999999615e-01 9.073499999999999899e-01 9.089500000000000357e-01 9.097499999999999476e-01 9.102000000000000091e-01 9.102999999999999980e-01 9.101500000000000146e-01 9.100500000000000256e-01 9.089500000000000357e-01 9.103999999999999870e-01 9.124499999999999833e-01 9.120000000000000329e-01 9.150000000000000355e-01 9.198499999999999455e-01 9.229000000000000536e-01 9.257499999999999618e-01 9.286499999999999755e-01 9.292500000000000204e-01 9.308999999999999497e-01 9.364999999999999991e-01 9.424500000000000099e-01 9.473500000000000254e-01 9.545000000000000151e-01 9.649499999999999744e-01 9.818500000000000005e-01 9.938000000000000167e-01 9.975000000000000533e-01 9.992499999999999716e-01 9.997500000000000275e-01 9.998500000000000165e-01 9.999500000000000055e-01 1.000000000000000000e+00 1.000000000000000000e+00 1.000000000000000000e+00 1.000000000000000000e+00 1.000000000000000000e+00 1.000000000000000000e+00 1.000000000000000000e+00 1.000000000000000000e+00 1.000000000000000000e+00 1.000000000000000000e+00 1.000000000000000000e+00 1.000000000000000000e+00 1.000000000000000000e+00
9.083499999999999908e-01 9.094499999999999806e-01 9.088500000000000467e-01 9.102999999999999980e-01 9.077499999999999458e-01 9.088000000000000522e-01 9.108000000000000540e-01 9.115499999999999714e-01 9.125499999999999723e-01 9.131500000000000172e-01 9.137999999999999456e-01 9.138500000000000512e-01 9.135999999999999677e-01 9.130000000000000338e-01 9.115999999999999659e-01 9.137999999999999456e-01 9.153000000000000025e-01 9.140000000000000346e-01 9.175499999999999767e-01 9.224999999999999867e-01 9.254999999999999893e-01 9.283000000000000140e-01 9.303500000000000103e-01 9.308999999999999497e-01 9.334999999999999964e-01 9.385499999999999954e-01 9.443500000000000227e-01 9.495000000000000107e-01 9.563500000000000334e-01 9.678499999999999881e-01 9.837000000000000188e-01 9.952499999999999680e-01 9.978000000000000203e-01 9.993499999999999606e-01 9.997500000000000275e-01 9.999500000000000055e-01 1.000000000000000000e+00 1.000000000000000000e+00 1.000000000000000000e+00 1.000000000000000000e+00 1.000000000000000000e+00 1.000000000000000000e+00 1.000000000000000000e+00 1.000000000000000000e+00 1.000000000000000000e+00 1.000000000000000000e+00 1.000000000000000000e+00 1.000000000000000000e+00 1.000000000000000000e+00 1.000000000000000000e+00
9.116999999999999549e-01 9.129500000000000393e-01 9.125999999999999668e-01 9.137999999999999456e-01 9.110500000000000265e-01 9.124499999999999833e-01 9.152000000000000135e-01 9.150500000000000300e-01 9.164499999999999869e-01 9.166499999999999648e-01 9.172000000000000153e-01 9.173999999999999932e-01 9.168500000000000538e-01 9.165999999999999703e-01 9.149000000000000465e-01 9.164499999999999869e-01 9.183999999999999941e-01 9.171500000000000208e-01 9.200500000000000345e-01 9.241500000000000270e-01 9.280500000000000416e-01 9.308499999999999552e-01 9.331000000000000405e-01 9.330000000000000515e-01 9.358999999999999542e-01 9.408499999999999641e-01 9.465999999999999970e-01 9.516000000000000014e-01 9.581499999999999462e-01 9.705000000000000293e-01 9.861999999999999655e-01 9.959500000000000020e-01 9.982999999999999652e-01 9.996000000000000441e-01 9.998000000000000220e-01 9.999500000000000055e-01 1.000000000000000000e+00 1.000000000000000000e+00 1.000000000000000000e+00 1.000000000000000000e+00 1.000000000000000000e+00 1.000000000000000000e+00 1.000000000000000000e+00 1.000000000000000000e+00 1.000000000000000000e+00 1.000000000000000000e+00 1.000000000000000000e+00 1.000000000000000000e+00 1.000000000000000000e+00 1.000000000000000000e+00
9.154499999999999860e-01 9.170000000000000373e-01 9.159500000000000419e-01 9.176499999999999657e-01 9.153000000000000025e-01 9.159000000000000474e-01 9.187999999999999501e-01 9.191000000000000281e-01 9.194999999999999840e-01 9.202000000000000179e-01 9.202500000000000124e-01 9.209000000000000519e-01 9.204999999999999849e-01 9.197499999999999565e-01 9.185499999999999776e-01 9.196999999999999620e-01 9.215999999999999748e-01 9.201500000000000234e-01 9.230000000000000426e-01 9.264999999999999902e-01 9.307999999999999607e-01 9.328999999999999515e-01 9.347999999999999643e-01 9.352000000000000313e-01 9.385000000000000009e-01 9.427999999999999714e-01 9.485000000000000098e-01 9.533000000000000362e-01 9.597499999999999920e-01 9.732499999999999485e-01 9.880999999999999783e-01 9.963999999999999524e-01 9.988000000000000211e-01 9.997500000000000275e-01 9.998500000000000165e-01 1.000000000000000000e+00 1.000000000000000000e+00 1.000000000000000000e+00 1.000000000000000000e+00 1.000000000000000000e+00 1.000000000000000000e+00 1.000000000000000000e+00 1.000000000000000000e+00 1.000000000000000000e+00 1.000000000000000000e+00 1.000000000000000000e+00 1.000000000000000000e+00 1.000000000000000000e+00 1.000000000000000000e+00 1.000000000000000000e+00
9.188499999999999446e-01 9.207499999999999574e-01 9.192500000000000115e-01 9.215499999999999803e-01 9.185499999999999776e-01 9.197999999999999510e-01 9.224999999999999867e-01 9.229000000000000536e-01 9.238499999999999490e-01 9.232500000000000151e-01 9.237499999999999600e-01 9.238499999999999490e-01 9.235999999999999766e-01 9.227999999999999536e-01 9.216999999999999638e-01 9.227499999999999591e-01 9.243999999999999995e-01 9.235499999999999821e-01 9.261000000000000343e-01 9.286499999999999755e-01 9.333000000000000185e-01 9.353000000000000203e-01 9.367999999999999661e-01 9.370500000000000496e-01 9.410500000000000531e-01 9.450499999999999456e-01 9.508999999999999675e-01 9.554000000000000270e-01 9.616999999999999993e-01 9.755500000000000282e-01 9.897500000000000187e-01 9.969000000000000083e-01 9.990999999999999881e-01 9.997500000000000275e-01 9.999000000000000110e-01 1.000000000000000000e+00 1.000000000000000000e+00 1.000000000000000000e+00 1.000000000000000000e+00 1.000000000000000000e+00 1.000000000000000000e+00 1.000000000000000000e+00 1.000000000000000000e+00 1.000000000000000000e+00 1.000000000000000000e+00 1.000000000000000000e+00 1.000000000000000000e+00 1.000000000000000000e+00 1.000000000000000000e+00 1.000000000000000000e+00
9.225499999999999812e-01 9.240500000000000380e-01 9.231000000000000316e-01 9.242000000000000215e-01 9.214999999999999858e-01 9.238499999999999490e-01 9.259500000000000508e-01 9.260500000000000398e-01 9.276499999999999746e-01 9.267499999999999627e-01 9.270000000000000462e-01 9.276499999999999746e-01 9.263500000000000068e-01 9.261500000000000288e-01 9.250000000000000444e-01 9.262000000000000233e-01 9.274999999999999911e-01 9.266499999999999737e-01 9.294000000000000039e-01 9.318999999999999506e-01 9.355499999999999927e-01 9.375999999999999890e-01 9.386499999999999844e-01 9.394000000000000128e-01 9.431000000000000494e-01 9.473500000000000254e-01 9.527999999999999803e-01 9.575500000000000123e-01 9.638499999999999845e-01 9.776500000000000190e-01 9.914500000000000535e-01 9.971999999999999753e-01 9.993499999999999606e-01 9.998000000000000220e-01 1.000000000000000000e+00 1.000000000000000000e+00 1.000000000000000000e+00 1.000000000000000000e+00 1.000000000000000000e+00 1.000000000000000000e+00 1.000000000000000000e+00 1.000000000000000000e+00 1.000000000000000000e+00 1.000000000000000000e+00 1.000000000000000000e+00 1.000000000000000000e+00 1.000000000000000000e+00 1.000000000000000000e+00 1.000000000000000000e+00 1.000000000000000000e+00
9.265999999999999792e-01 9.276499999999999746e-01 9.264499999999999957e-01 9.277499999999999636e-01 9.252000000000000224e-01 9.274000000000000021e-01 9.297499999999999654e-01 9.291500000000000314e-01 9.310500000000000442e-01 9.297499999999999654e-01 9.307499999999999662e-01 9.307499999999999662e-01 9.298499999999999543e-01 9.295499999999999874e-01 9.282500000000000195e-01 9.295999999999999819e-01 9.306499999999999773e-01 9.295999999999999819e-01 9.324999999999999956e-01 9.351500000000000368e-01 9.385000000000000009e-01 9.397999999999999687e-01 9.409499999999999531e-01 9.416499999999999870e-01 9.455000000000000071e-01 9.496499999999999941e-01 9.545500000000000096e-01 9.596500000000000030e-01 9.662500000000000533e-01 9.798000000000000043e-01 9.927000000000000268e-01 9.976000000000000423e-01 9.996000000000000441e-01 9.998000000000000220e-01 1.000000000000000000e+00 1.000000000000000000e+00 1.000000000000000000e+00 1.000000000000000000e+00 1.000000000000000000e+00 1.000000000000000000e+00 1.000000000000000000e+00 1.000000000000000000e+00 1.000000000000000000e+00 1.000000000000000000e+00 1.000000000000000000e+00 1.000000000000000000e+00 1.000000000000000000e+00 1.000000000000000000e+00 1.000000000000000000e+00 1.000000000000000000e+00
9.300500000000000433e-01 9.309500000000000552e-01 9.301500000000000323e-01 9.312000000000000277e-01 9.292500000000000204e-01 9.312000000000000277e-01 9.326999999999999735e-01 9.332000000000000295e-01 9.344999999999999973e-01 9.328999999999999515e-01 9.342000000000000304e-01 9.338999999999999524e-01 9.331000000000000405e-01 9.328499999999999570e-01 9.312500000000000222e-01 9.328499999999999570e-01 9.335499999999999909e-01 9.321500000000000341e-01 9.354500000000000037e-01 9.381000000000000449e-01 9.408999999999999586e-01 9.425000000000000044e-01 9.428499999999999659e-01 9.436999999999999833e-01 9.475999999999999979e-01 9.519499999999999629e-01 9.569499999999999673e-01 9.618999999999999773e-01 9.681499999999999551e-01 9.813499999999999446e-01 9.941499999999999782e-01 9.980999999999999872e-01 9.996500000000000385e-01 9.998500000000000165e-01 1.000000000000000000e+00 1.000000000000000000e+00 1.000000000000000000e+00 1.000000000000000000e+00 1.000000000000000000e+00 1.000000000000000000e+00 1.000000000000000000e+00 1.000000000000000000e+00 1.000000000000000000e+00 1.000000000000000000e+00 1.000000000000000000e+00 1.000000000000000000e+00 1.000000000000000000e+00 1.000000000000000000e+00 1.000000000000000000e+00 1.000000000000000000e+00
9.336499999999999799e-01 9.344500000000000028e-01 9.340500000000000469e-01 9.349499999999999478e-01 9.332000000000000295e-01 9.343500000000000139e-01 9.357499999999999707e-01 9.364500000000000046e-01 9.375000000000000000e-01 9.361000000000000432e-01 9.375000000000000000e-01 9.375000000000000000e-01 9.364000000000000101e-01 9.364000000000000101e-01 9.345499999999999918e-01 9.355999999999999872e-01 9.359499999999999487e-01 9.349499999999999478e-01 9.382500000000000284e-01 9.409499999999999531e-01 9.442000000000000393e-01 9.450499999999999456e-01 9.455500000000000016e-01 9.462000000000000410e-01 9.500999999999999446e-01 9.543500000000000316e-01 9.594500000000000250e-01 9.640499999999999625e-01 9.704000000000000403e-01 9.835500000000000353e-01 9.949000000000000066e-01 9.982999999999999652e-01 9.997500000000000275e-01 9.999000000000000110e-01 1.000000000000000000e+00 1.000000000000000000e+00 1.000000000000000000e+00 1.000000000000000000e+00 1.000000000000000000e+00 1.000000000000000000e+00 1.000000000000000000e+00 1.000000000000000000e+00 1.000000000000000000e+00 1.000000000000000000e+00 1.000000000000000000e+00 1.000000000000000000e+00 1.000000000000000000e+00 1.000000000000000000e+00 1.000000000000000000e+00 1.000000000000000000e+00
9.375000000000000000e-01 9.377499999999999725e-01 9.378499999999999615e-01 9.377999999999999670e-01 9.362000000000000322e-01 9.381000000000000449e-01 9.393500000000000183e-01 9.397499999999999742e-01 9.404500000000000082e-01 9.399499999999999522e-01 9.408999999999999586e-01 9.405499999999999972e-01 9.395499999999999963e-01 9.392000000000000348e-01 9.375499999999999945e-01 9.385499999999999954e-01 9.388499999999999623e-01 9.379499999999999504e-01 9.415000000000000036e-01 9.435000000000000053e-01 9.473500000000000254e-01 9.474500000000000144e-01 9.475999999999999979e-01 9.491000000000000547e-01 9.522500000000000409e-01 9.564000000000000279e-01 9.618499999999999828e-01 9.657999999999999918e-01 9.728499999999999925e-01 9.854500000000000481e-01 9.960999999999999854e-01 9.989000000000000101e-01 9.998000000000000220e-01 1.000000000000000000e+00 1.000000000000000000e+00 1.000000000000000000e+00 1.000000000000000000e+00 1.000000000000000000e+00 1.000000000000000000e+00 1.000000000000000000e+00 1.000000000000000000e+00 1.000000000000000000e+00 1.000000000000000000e+00 1.000000000000000000e+00 1.000000000000000000e+00 1.000000000000000000e+00 1.000000000000000000e+00 1.000000000000000000e+00 1.000000000000000000e+00 1.000000000000000000e+00
9.413000000000000256e-01 9.420500000000000540e-01 9.411000000000000476e-01 9.414500000000000091e-01 9.392500000000000293e-01 9.425999999999999934e-01 9.428499999999999659e-01 9.431000000000000494e-01 9.433000000000000274e-01 9.429499999999999549e-01 9.444500000000000117e-01 9.435499999999999998e-01 9.435999999999999943e-01 9.417999999999999705e-01 9.406999999999999806e-01 9.419499999999999540e-01 9.424000000000000155e-01 9.414500000000000091e-01 9.439999999999999503e-01 9.463000000000000300e-01 9.500499999999999501e-01 9.501500000000000501e-01 9.498999999999999666e-01 9.513500000000000290e-01 9.546999999999999931e-01 9.587499999999999911e-01 9.638499999999999845e-01 9.675500000000000211e-01 9.747999999999999998e-01 9.868000000000000105e-01 9.963999999999999524e-01 9.992499999999999716e-01 9.998000000000000220e-01 1.000000000000000000e+00 1.000000000000000000e+00 1.000000000000000000e+00 1.000000000000000000e+00 1.000000000000000000e+00 1.000000000000000000e+00 1.000000000000000000e+00 1.000000000000000000e+00 1.000000000000000000e+00 1.000000000000000000e+00 1.000000000000000000e+00 1.000000000000000000e+00 1.000000000000000000e+00 1.000000000000000000e+00 1.000000000000000000e+00 1.000000000000000000e+00 1.000000000000000000e+00
9.444500000000000117e-01 9.453500000000000236e-01 9.440499999999999448e-01 9.452000000000000401e-01 9.429999999999999494e-01 9.455000000000000071e-01 9.470499999999999474e-01 9.459999999999999520e-01 9.467999999999999750e-01 9.460499999999999465e-01 9.477499999999999813e-01 9.471500000000000474e-01 9.467499999999999805e-01 9.450499999999999456e-01 9.439999999999999503e-01 9.455000000000000071e-01 9.452000000000000401e-01 9.446499999999999897e-01 9.465000000000000080e-01 9.495000000000000107e-01 9.526000000000000023e-01 9.526000000000000023e-01 9.525500000000000078e-01 9.542000000000000481e-01 9.569999999999999618e-01 9.610999999999999543e-01 9.656000000000000139e-01 9.693500000000000449e-01 9.770999999999999686e-01 9.885500000000000398e-01 9.969000000000000083e-01 9.993999999999999551e-01 9.998500000000000165e-01 1.000000000000000000e+00 1.000000000000000000e+00 1.000000000000000000e+00 1.000000000000000000e+00 1.000000000000000000e+00 1.000000000000000000e+00 1.000000000000000000e+00 1.000000000000000000e+00 1.000000000000000000e+00 1.000000000000000000e+00 1.000000000000000000e+00 1.000000000000000000e+00 1.000000000000000000e+00 1.000000000000000000e+00 1.000000000000000000e+00 1.000000000000000000e+00 1.000000000000000000e+00
9.478999999999999648e-01 9.486999999999999877e-01 9.472500000000000364e-01 9.491500000000000492e-01 9.459499999999999575e-01 9.489999999999999547e-01 9.502000000000000446e-01 9.491000000000000547e-01 9.495999999999999996e-01 9.497999999999999776e-01 9.509499999999999620e-01 9.505500000000000060e-01 9.497999999999999776e-01 9.480499999999999483e-01 9.469999999999999529e-01 9.488499999999999712e-01 9.484000000000000208e-01 9.477999999999999758e-01 9.489999999999999547e-01 9.523500000000000298e-01 9.548499999999999766e-01 9.549499999999999655e-01 9.545000000000000151e-01 9.568999999999999728e-01 9.595500000000000140e-01 9.629499999999999726e-01 9.677499999999999991e-01 9.710499999999999687e-01 9.791499999999999648e-01 9.896000000000000352e-01 9.972999999999999643e-01 9.996500000000000385e-01 9.999000000000000110e-01 1.000000000000000000e+00 1.000000000000000000e+00 1.000000000000000000e+00 1.000000000000000000e+00 1.000000000000000000e+00 1.000000000000000000e+00 1.000000000000000000e+00 1.000000000000000000e+00 1.000000000000000000e+00 1.000000000000000000e+00 1.000000000000000000e+00 1.000000000000000000e+00 1.000000000000000000e+00 1.000000000000000000e+00 1.000000000000000000e+00 1.000000000000000000e+00 1.000000000000000000e+00
9.503500000000000281e-01 9.517999999999999794e-01 9.503000000000000336e-01 9.516999999999999904e-01 9.498499999999999721e-01 9.524000000000000243e-01 9.533000000000000362e-01 9.524500000000000188e-01 9.526000000000000023e-01 9.527499999999999858e-01 9.539499999999999647e-01 9.533000000000000362e-01 9.529999999999999583e-01 9.518499999999999739e-01 9.503500000000000281e-01 9.517999999999999794e-01 9.514500000000000179e-01 9.507999999999999785e-01 9.517999999999999794e-01 9.550999999999999490e-01 9.572500000000000453e-01 9.574000000000000288e-01 9.565500000000000114e-01 9.595000000000000195e-01 9.620499999999999607e-01 9.654000000000000359e-01 9.696000000000000174e-01 9.727000000000000091e-01 9.808999999999999941e-01 9.910499999999999865e-01 9.977000000000000313e-01 9.997500000000000275e-01 1.000000000000000000e+00 1.000000000000000000e+00 1.000000000000000000e+00 1.000000000000000000e+00 1.000000000000000000e+00 1.000000000000000000e+00 1.000000000000000000e+00 1.000000000000000000e+00 1.000000000000000000e+00 1.000000000000000000e+00 1.000000000000000000e+00 1.000000000000000000e+00 1.000000000000000000e+00 1.000000000000000000e+00 1.000000000000000000e+00 1.000000000000000000e+00 1.000000000000000000e+00 1.000000000000000000e+00
9.536999999999999922e-01 9.550999999999999490e-01 9.530499999999999527e-01 9.546000000000000041e-01 9.530499999999999527e-01 9.557499999999999885e-01 9.557999999999999829e-01 9.561500000000000554e-01 9.551500000000000545e-01 9.565000000000000169e-01 9.574000000000000288e-01 9.558999999999999719e-01 9.557999999999999829e-01 9.550999999999999490e-01 9.535000000000000142e-01 9.550499999999999545e-01 9.544000000000000261e-01 9.543000000000000371e-01 9.549999999999999600e-01 9.578999999999999737e-01 9.598999999999999755e-01 9.599999999999999645e-01 9.588999999999999746e-01 9.622000000000000552e-01 9.644500000000000295e-01 9.673000000000000487e-01 9.718999999999999861e-01 9.744000000000000439e-01 9.827000000000000179e-01 9.920499999999999874e-01 9.980499999999999927e-01 9.998000000000000220e-01 1.000000000000000000e+00 1.000000000000000000e+00 1.000000000000000000e+00 1.000000000000000000e+00 1.000000000000000000e+00 1.000000000000000000e+00 1.000000000000000000e+00 1.000000000000000000e+00 1.000000000000000000e+00 1.000000000000000000e+00 1.000000000000000000e+00 1.000000000000000000e+00 1.000000000000000000e+00 1.000000000000000000e+00 1.000000000000000000e+00 1.000000000000000000e+00 1.000000000000000000e+00 1.000000000000000000e+00
9.567499999999999893e-01 9.583500000000000352e-01 9.558999999999999719e-01 9.578999999999999737e-01 9.556000000000000050e-01 9.587499999999999911e-01 9.590999999999999526e-01 9.592000000000000526e-01 9.579499999999999682e-01 9.592500000000000471e-01 9.596999999999999975e-01 9.587499999999999911e-01 9.588999999999999746e-01 9.576500000000000012e-01 9.567499999999999893e-01 9.576999999999999957e-01 9.579499999999999682e-01 9.576500000000000012e-01 9.584000000000000297e-01 9.605500000000000149e-01 9.622500000000000497e-01 9.625000000000000222e-01 9.613500000000000378e-01 9.643000000000000460e-01 9.668499999999999872e-01 9.690499999999999670e-01 9.734500000000000375e-01 9.766000000000000236e-01 9.840499999999999803e-01 9.931499999999999773e-01 9.983499999999999597e-01 9.998000000000000220e-01 1.000000000000000000e+00 1.000000000000000000e+00 1.000000000000000000e+00 1.000000000000000000e+00 1.000000000000000000e+00 1.000000000000000000e+00 1.000000000000000000e+00 1.000000000000000000e+00 1.000000000000000000e+00 1.000000000000000000e+00 1.000000000000000000e+00 1.000000000000000000e+00 1.000000000000000000e+00 1.000000000000000000e+00 1.000000000000000000e+00 1.000000000000000000e+00 1.000000000000000000e+00 1.000000000000000000e+00
9.597499999999999920e-01 9.614500000000000268e-01 9.586500000000000021e-01 9.612500000000000488e-01 9.588499999999999801e-01 9.609999999999999654e-01 9.616999999999999993e-01 9.619499999999999718e-01 9.606500000000000039e-01 9.618999999999999773e-01 9.628999999999999782e-01 9.618999999999999773e-01 9.618499999999999828e-01 9.606000000000000094e-01 9.603000000000000425e-01 9.605000000000000204e-01 9.603500000000000369e-01 9.606999999999999984e-01 9.612500000000000488e-01 9.638499999999999845e-01 9.646500000000000075e-01 9.652500000000000524e-01 9.630999999999999561e-01 9.665000000000000258e-01 9.690999999999999615e-01 9.710999999999999632e-01 9.758499999999999952e-01 9.786000000000000254e-01 9.852999999999999536e-01 9.940999999999999837e-01 9.987500000000000266e-01 9.998500000000000165e-01 1.000000000000000000e+00 1.000000000000000000e+00 1.000000000000000000e+00 1.000000000000000000e+00 1.000000000000000000e+00 1.000000000000000000e+00 1.000000000000000000e+00 1.000000000000000000e+00 1.000000000000000000e+00 1.000000000000000000e+00 1.000000000000000000e+00 1.000000000000000000e+00 1.000000000000000000e+00 1.000000000000000000e+00 1.000000000000000000e+00 1.000000000000000000e+00 1.000000000000000000e+00 1.000000000000000000e+00
9.616999999999999993e-01 9.641999999999999460e-01 9.616999999999999993e-01 9.636000000000000121e-01 9.617999999999999883e-01 9.637000000000000011e-01 9.647499999999999964e-01 9.646000000000000130e-01 9.631999999999999451e-01 9.646500000000000075e-01 9.657999999999999918e-01 9.641999999999999460e-01 9.643000000000000460e-01 9.631999999999999451e-01 9.627000000000000002e-01 9.633500000000000396e-01 9.630499999999999616e-01 9.635500000000000176e-01 9.641499999999999515e-01 9.663000000000000478e-01 9.669499999999999762e-01 9.678499999999999881e-01 9.655000000000000249e-01 9.688999999999999835e-01 9.713500000000000467e-01 9.734500000000000375e-01 9.777500000000000080e-01 9.799999999999999822e-01 9.866500000000000270e-01 9.949500000000000011e-01 9.990999999999999881e-01 9.999000000000000110e-01 1.000000000000000000e+00 1.000000000000000000e+00 1.000000000000000000e+00 1.000000000000000000e+00 1.000000000000000000e+00 1.000000000000000000e+00 1.000000000000000000e+00 1.000000000000000000e+00 1.000000000000000000e+00 1.000000000000000000e+00 1.000000000000000000e+00 1.000000000000000000e+00 1.000000000000000000e+00 1.000000000000000000e+00 1.000000000000000000e+00 1.000000000000000000e+00 1.000000000000000000e+00 1.000000000000000000e+00
9.645500000000000185e-01 9.667499999999999982e-01 9.643000000000000460e-01 9.666000000000000147e-01 9.643000000000000460e-01 9.664000000000000368e-01 9.670499999999999652e-01 9.666000000000000147e-01 9.653000000000000469e-01 9.674500000000000322e-01 9.683000000000000496e-01 9.671499999999999542e-01 9.668999999999999817e-01 9.659499999999999753e-01 9.655000000000000249e-01 9.659499999999999753e-01 9.655500000000000194e-01 9.660499999999999643e-01 9.664500000000000313e-01 9.688999999999999835e-01 9.696000000000000174e-01 9.698499999999999899e-01 9.678999999999999826e-01 9.713500000000000467e-01 9.737000000000000099e-01 9.757500000000000062e-01 9.797000000000000153e-01 9.819999999999999840e-01 9.879499999999999948e-01 9.955500000000000460e-01 9.993999999999999551e-01 9.999000000000000110e-01 1.000000000000000000e+00 1.000000000000000000e+00 1.000000000000000000e+00 1.000000000000000000e+00 1.000000000000000000e+00 1.000000000000000000e+00 1.000000000000000000e+00 1.000000000000000000e+00 1.000000000000000000e+00 1.000000000000000000e+00 1.000000000000000000e+00 1.000000000000000000e+00 1.000000000000000000e+00 1.000000000000000000e+00 1.000000000000000000e+00 1.000000000000000000e+00 1.000000000000000000e+00 1.000000000000000000e+00
9.670999999999999597e-01 9.695000000000000284e-01 9.670499999999999652e-01 9.695500000000000229e-01 9.669999999999999707e-01 9.686500000000000110e-01 9.698999999999999844e-01 9.697999999999999954e-01 9.683000000000000496e-01 9.695000000000000284e-01 9.709999999999999742e-01 9.695000000000000284e-01 9.690499999999999670e-01 9.683500000000000441e-01 9.682500000000000551e-01 9.684000000000000385e-01 9.680999999999999606e-01 9.687500000000000000e-01 9.695000000000000284e-01 9.714000000000000412e-01 9.719999999999999751e-01 9.725500000000000256e-01 9.701999999999999513e-01 9.730999999999999650e-01 9.757000000000000117e-01 9.776500000000000190e-01 9.812999999999999501e-01 9.832499999999999574e-01 9.892499999999999627e-01 9.959500000000000020e-01 9.996500000000000385e-01 1.000000000000000000e+00 1.000000000000000000e+00 1.000000000000000000e+00 1.000000000000000000e+00 1.000000000000000000e+00 1.000000000000000000e+00 1.000000000000000000e+00 1.000000000000000000e+00 1.000000000000000000e+00 1.000000000000000000e+00 1.000000000000000000e+00 1.000000000000000000e+00 1.000000000000000000e+00 1.000000000000000000e+00 1.000000000000000000e+00 1.000000000000000000e+00 1.000000000000000000e+00 1.000000000000000000e+00 1.000000000000000000e+00
9.699999999999999734e-01 9.726500000000000146e-01 9.692499999999999449e-01 9.716500000000000137e-01 9.690999999999999615e-01 9.713000000000000522e-01 9.724500000000000366e-01 9.720499999999999696e-01 9.706500000000000128e-01 9.719999999999999751e-01 9.730499999999999705e-01 9.719999999999999751e-01 9.717999999999999972e-01 9.709999999999999742e-01 9.708999999999999853e-01 9.707500000000000018e-01 9.706500000000000128e-01 9.717000000000000082e-01 9.715500000000000247e-01 9.743000000000000549e-01 9.737999999999999989e-01 9.747000000000000108e-01 9.727000000000000091e-01 9.750499999999999723e-01 9.776000000000000245e-01 9.797000000000000153e-01 9.827000000000000179e-01 9.845000000000000417e-01 9.903499999999999526e-01 9.967500000000000249e-01 9.997500000000000275e-01 1.000000000000000000e+00 1.000000000000000000e+00 1.000000000000000000e+00 1.000000000000000000e+00 1.000000000000000000e+00 1.000000000000000000e+00 1.000000000000000000e+00 1.000000000000000000e+00 1.000000000000000000e+00 1.000000000000000000e+00 1.000000000000000000e+00 1.000000000000000000e+00 1.000000000000000000e+00 1.000000000000000000e+00 1.000000000000000000e+00 1.000000000000000000e+00 1.000000000000000000e+00 1.000000000000000000e+00 1.000000000000000000e+00
9.722499999999999476e-01 9.747000000000000108e-01 9.723000000000000531e-01 9.741499999999999604e-01 9.723000000000000531e-01 9.736500000000000155e-01 9.745500000000000274e-01 9.747000000000000108e-01 9.731999999999999540e-01 9.744500000000000384e-01 9.755000000000000338e-01 9.742499999999999494e-01 9.738999999999999879e-01 9.735500000000000265e-01 9.735000000000000320e-01 9.730499999999999705e-01 9.734000000000000430e-01 9.740999999999999659e-01 9.736500000000000155e-01 9.764000000000000457e-01 9.760499999999999732e-01 9.762499999999999512e-01 9.747999999999999998e-01 9.771999999999999575e-01 9.794000000000000483e-01 9.814500000000000446e-01 9.845500000000000362e-01 9.861499999999999710e-01 9.913499999999999535e-01 9.971499999999999808e-01 9.998000000000000220e-01 1.000000000000000000e+00 1.000000000000000000e+00 1.000000000000000000e+00 1.000000000000000000e+00 1.000000000000000000e+00 1.000000000000000000e+00 1.000000000000000000e+00 1.000000000000000000e+00 1.000000000000000000e+00 1.000000000000000000e+00 1.000000000000000000e+00 1.000000000000000000e+00 1.000000000000000000e+00 1.000000000000000000e+00 1.000000000000000000e+00 1.000000000000000000e+00 1.000000000000000000e+00 1.000000000000000000e+00 1.000000000000000000e+00
9.750499999999999723e-01 9.768999999999999906e-01 9.746500000000000163e-01 9.760499999999999732e-01 9.745500000000000274e-01 9.760499999999999732e-01 9.764500000000000401e-01 9.770499999999999741e-01 9.757000000000000117e-01 9.766000000000000236e-01 9.776000000000000245e-01 9.762999999999999456e-01 9.760999999999999677e-01 9.759999999999999787e-01 9.755000000000000338e-01 9.752499999999999503e-01 9.753500000000000503e-01 9.762999999999999456e-01 9.759499999999999842e-01 9.785000000000000364e-01 9.784000000000000474e-01 9.782999999999999474e-01 9.769499999999999851e-01 9.791999999999999593e-01 9.811499999999999666e-01 9.831499999999999684e-01 9.857000000000000206e-01 9.874000000000000554e-01 9.920999999999999819e-01 9.975000000000000533e-01 9.998500000000000165e-01 1.000000000000000000e+00 1.000000000000000000e+00 1.000000000000000000e+00 1.000000000000000000e+00 1.000000000000000000e+00 1.000000000000000000e+00 1.000000000000000000e+00 1.000000000000000000e+00 1.000000000000000000e+00 1.000000000000000000e+00 1.000000000000000000e+00 1.000000000000000000e+00 1.000000000000000000e+00 1.000000000000000000e+00 1.000000000000000000e+00 1.000000000000000000e+00 1.000000000000000000e+00 1.000000000000000000e+00 1.000000000000000000e+00
9.772999999999999465e-01 9.786500000000000199e-01 9.768499999999999961e-01 9.785000000000000364e-01 9.764000000000000457e-01 9.784000000000000474e-01 9.785500000000000309e-01 9.790499999999999758e-01 9.775500000000000300e-01 9.791499999999999648e-01 9.798000000000000043e-01 9.785000000000000364e-01 9.778499999999999970e-01 9.779999999999999805e-01 9.778499999999999970e-01 9.775500000000000300e-01 9.778000000000000025e-01 9.786000000000000254e-01 9.781499999999999639e-01 9.802499999999999547e-01 9.801499999999999657e-01 9.807500000000000107e-01 9.786000000000000254e-01 9.808999999999999941e-01 9.831499999999999684e-01 9.845000000000000417e-01 9.870499999999999829e-01 9.887000000000000233e-01 9.929999999999999938e-01 9.979000000000000092e-01 9.999000000000000110e-01 1.000000000000000000e+00 1.000000000000000000e+00 1.000000000000000000e+00 1.000000000000000000e+00 1.000000000000000000e+00 1.000000000000000000e+00 1.000000000000000000e+00 1.000000000000000000e+00 1.000000000000000000e+00 1.000000000000000000e+00 1.000000000000000000e+00 1.000000000000000000e+00 1.000000000000000000e+00 1.000000000000000000e+00 1.000000000000000000e+00 1.000000000000000000e+00 1.000000000000000000e+00 1.000000000000000000e+00 1.000000000000000000e+00
9.795000000000000373e-01 9.808499999999999996e-01 9.791499999999999648e-01 9.802499999999999547e-01 9.786500000000000199e-01 9.801999999999999602e-01 9.806000000000000272e-01 9.807500000000000107e-01 9.800999999999999712e-01 9.811499999999999666e-01 9.811999999999999611e-01 9.802999999999999492e-01 9.798000000000000043e-01 9.796000000000000263e-01 9.800499999999999767e-01 9.794500000000000428e-01 9.797000000000000153e-01 9.801499999999999657e-01 9.800999999999999712e-01 9.822999999999999510e-01 9.819499999999999895e-01 9.820999999999999730e-01 9.811499999999999666e-01 9.828500000000000014e-01 9.847000000000000197e-01 9.859499999999999931e-01 9.880499999999999838e-01 9.899999999999999911e-01 9.938000000000000167e-01 9.982499999999999707e-01 9.999500000000000055e-01 1.000000000000000000e+00 1.000000000000000000e+00 1.000000000000000000e+00 1.000000000000000000e+00 1.000000000000000000e+00 1.000000000000000000e+00 1.000000000000000000e+00 1.000000000000000000e+00 1.000000000000000000e+00 1.000000000000000000e+00 1.000000000000000000e+00 1.000000000000000000e+00 1.000000000000000000e+00 1.000000000000000000e+00 1.000000000000000000e+00 1.000000000000000000e+00 1.000000000000000000e+00 1.000000000000000000e+00 1.000000000000000000e+00
9.815500000000000336e-01 9.825500000000000345e-01 9.811499999999999666e-01 9.817500000000000115e-01 9.810499999999999776e-01 9.819999999999999840e-01 9.825000000000000400e-01 9.824500000000000455e-01 9.818999999999999950e-01 9.828999999999999959e-01 9.832999999999999519e-01 9.827000000000000179e-01 9.815500000000000336e-01 9.817500000000000115e-01 9.820499999999999785e-01 9.817000000000000171e-01 9.817500000000000115e-01 9.815000000000000391e-01 9.828999999999999959e-01 9.837000000000000188e-01 9.841999999999999638e-01 9.838999999999999968e-01 9.829499999999999904e-01 9.844000000000000528e-01 9.863499999999999490e-01 9.869999999999999885e-01 9.893499999999999517e-01 9.909499999999999975e-01 9.943499999999999561e-01 9.987000000000000322e-01 1.000000000000000000e+00 1.000000000000000000e+00 1.000000000000000000e+00 1.000000000000000000e+00 1.000000000000000000e+00 1.000000000000000000e+00 1.000000000000000000e+00 1.000000000000000000e+00 1.000000000000000000e+00 1.000000000000000000e+00 1.000000000000000000e+00 1.000000000000000000e+00 1.000000000000000000e+00 1.000000000000000000e+00 1.000000000000000000e+00 1.000000000000000000e+00 1.000000000000000000e+00 1.000000000000000000e+00 1.000000000000000000e+00 1.000000000000000000e+00
9.833499999999999464e-01 9.840499999999999803e-01 9.834000000000000519e-01 9.835000000000000409e-01 9.829999999999999849e-01 9.838500000000000023e-01 9.839999999999999858e-01 9.835000000000000409e-01 9.835500000000000353e-01 9.844500000000000473e-01 9.857500000000000151e-01 9.840999999999999748e-01 9.828999999999999959e-01 9.838999999999999968e-01 9.838500000000000023e-01 9.834500000000000464e-01 9.836500000000000243e-01 9.834000000000000519e-01 9.844500000000000473e-01 9.850999999999999757e-01 9.857000000000000206e-01 9.852499999999999591e-01 9.845500000000000362e-01 9.858999999999999986e-01 9.875500000000000389e-01 9.882999999999999563e-01 9.901999999999999691e-01 9.921999999999999709e-01 9.949500000000000011e-01 9.988500000000000156e-01 1.000000000000000000e+00 1.000000000000000000e+00 1.000000000000000000e+00 1.000000000000000000e+00 1.000000000000000000e+00 1.000000000000000000e+00 1.000000000000000000e+00 1.000000000000000000e+00 1.000000000000000000e+00 1.000000000000000000e+00 1.000000000000000000e+00 1.000000000000000000e+00 1.000000000000000000e+00 1.000000000000000000e+00 1.000000000000000000e+00 1.000000000000000000e+00 1.000000000000000000e+00 1.000000000000000000e+00 1.000000000000000000e+00 1.000000000000000000e+00
9.853499999999999481e-01 9.858000000000000096e-01 9.849499999999999922e-01 9.852999999999999536e-01 9.846500000000000252e-01 9.856000000000000316e-01 9.855500000000000371e-01 9.849499999999999922e-01 9.854500000000000481e-01 9.857500000000000151e-01 9.872999999999999554e-01 9.855000000000000426e-01 9.846000000000000307e-01 9.851999999999999647e-01 9.854500000000000481e-01 9.850999999999999757e-01 9.854500000000000481e-01 9.850999999999999757e-01 9.864000000000000545e-01 9.864500000000000490e-01 9.871499999999999719e-01 9.871999999999999664e-01 9.862499999999999600e-01 9.872499999999999609e-01 9.887500000000000178e-01 9.891999999999999682e-01 9.910499999999999865e-01 9.929999999999999938e-01 9.956500000000000350e-01 9.989500000000000046e-01 1.000000000000000000e+00 1.000000000000000000e+00 1.000000000000000000e+00 1.000000000000000000e+00 1.000000000000000000e+00 1.000000000000000000e+00 1.000000000000000000e+00 1.000000000000000000e+00 1.000000000000000000e+00 1.000000000000000000e+00 1.000000000000000000e+00 1.000000000000000000e+00 1.000000000000000000e+00 1.000000000000000000e+00 1.000000000000000000e+00 1.000000000000000000e+00 1.000000000000000000e+00 1.000000000000000000e+00 1.000000000000000000e+00 1.000000000000000000e+00
9.870999999999999774e-01 9.872499999999999609e-01 9.866000000000000325e-01 9.865500000000000380e-01 9.860499999999999821e-01 9.874000000000000554e-01 9.870499999999999829e-01 9.865500000000000380e-01 9.870499999999999829e-01 9.870999999999999774e-01 9.882499999999999618e-01 9.872499999999999609e-01 9.864000000000000545e-01 9.867500000000000160e-01 9.865500000000000380e-01 9.869999999999999885e-01 9.870499999999999829e-01 9.866500000000000270e-01 9.879000000000000004e-01 9.877500000000000169e-01 9.882999999999999563e-01 9.886500000000000288e-01 9.880499999999999838e-01 9.887500000000000178e-01 9.900999999999999801e-01 9.902499999999999636e-01 9.920499999999999874e-01 9.937500000000000222e-01 9.960499999999999909e-01 9.992499999999999716e-01 1.000000000000000000e+00 1.000000000000000000e+00 1.000000000000000000e+00 1.000000000000000000e+00 1.000000000000000000e+00 1.000000000000000000e+00 1.000000000000000000e+00 1.000000000000000000e+00 1.000000000000000000e+00 1.000000000000000000e+00 1.000000000000000000e+00 1.000000000000000000e+00 1.000000000000000000e+00 1.000000000000000000e+00 1.000000000000000000e+00 1.000000000000000000e+00 1.000000000000000000e+00 1.000000000000000000e+00 1.000000000000000000e+00 1.000000000000000000e+00
9.889499999999999957e-01 9.881999999999999673e-01 9.880499999999999838e-01 9.883999999999999453e-01 9.874000000000000554e-01 9.891499999999999737e-01 9.885500000000000398e-01 9.882999999999999563e-01 9.885500000000000398e-01 9.883499999999999508e-01 9.895500000000000407e-01 9.885500000000000398e-01 9.877500000000000169e-01 9.883999999999999453e-01 9.886000000000000343e-01 9.879999999999999893e-01 9.883499999999999508e-01 9.882999999999999563e-01 9.896500000000000297e-01 9.892499999999999627e-01 9.895000000000000462e-01 9.900499999999999856e-01 9.894500000000000517e-01 9.898000000000000131e-01 9.913999999999999480e-01 9.913499999999999535e-01 9.930499999999999883e-01 9.943999999999999506e-01 9.966000000000000414e-01 9.992999999999999661e-01 1.000000000000000000e+00 1.000000000000000000e+00 1.000000000000000000e+00 1.000000000000000000e+00 1.000000000000000000e+00 1.000000000000000000e+00 1.000000000000000000e+00 1.000000000000000000e+00 1.000000000000000000e+00 1.000000000000000000e+00 1.000000000000000000e+00 1.000000000000000000e+00 1.000000000000000000e+00 1.000000000000000000e+00 1.000000000000000000e+00 1.000000000000000000e+00 1.000000000000000000e+00 1.000000000000000000e+00 1.000000000000000000e+00 1.000000000000000000e+00
9.900499999999999856e-01 9.893499999999999517e-01 9.896000000000000352e-01 9.893499999999999517e-01 9.889000000000000012e-01 9.905000000000000471e-01 9.895500000000000407e-01 9.894500000000000517e-01 9.896500000000000297e-01 9.898500000000000076e-01 9.901999999999999691e-01 9.897000000000000242e-01 9.888000000000000123e-01 9.893499999999999517e-01 9.898000000000000131e-01 9.896000000000000352e-01 9.896500000000000297e-01 9.892999999999999572e-01 9.906500000000000306e-01 9.904500000000000526e-01 9.903499999999999526e-01 9.909499999999999975e-01 9.905500000000000416e-01 9.909999999999999920e-01 9.924500000000000544e-01 9.924500000000000544e-01 9.937500000000000222e-01 9.952999999999999625e-01 9.970499999999999918e-01 9.995500000000000496e-01 1.000000000000000000e+00 1.000000000000000000e+00 1.000000000000000000e+00 1.000000000000000000e+00 1.000000000000000000e+00 1.000000000000000000e+00 1.000000000000000000e+00 1.000000000000000000e+00 1.000000000000000000e+00 1.000000000000000000e+00 1.000000000000000000e+00 1.000000000000000000e+00 1.000000000000000000e+00 1.000000000000000000e+00 1.000000000000000000e+00 1.000000000000000000e+00 1.000000000000000000e+00 1.000000000000000000e+00 1.000000000000000000e+00 1.000000000000000000e+00
9.910999999999999810e-01 9.905500000000000416e-01 9.908500000000000085e-01 9.903999999999999471e-01 9.901499999999999746e-01 9.914500000000000535e-01 9.906500000000000306e-01 9.908500000000000085e-01 9.908500000000000085e-01 9.908500000000000085e-01 9.914500000000000535e-01 9.903499999999999526e-01 9.902999999999999581e-01 9.907000000000000250e-01 9.908500000000000085e-01 9.910999999999999810e-01 9.907000000000000250e-01 9.904500000000000526e-01 9.916500000000000314e-01 9.914500000000000535e-01 9.913499999999999535e-01 9.919499999999999984e-01 9.913999999999999480e-01 9.919999999999999929e-01 9.931499999999999773e-01 9.932499999999999662e-01 9.943499999999999561e-01 9.959999999999999964e-01 9.972499999999999698e-01 9.996500000000000385e-01 1.000000000000000000e+00 1.000000000000000000e+00 1.000000000000000000e+00 1.000000000000000000e+00 1.000000000000000000e+00 1.000000000000000000e+00 1.000000000000000000e+00 1.000000000000000000e+00 1.000000000000000000e+00 1.000000000000000000e+00 1.000000000000000000e+00 1.000000000000000000e+00 1.000000000000000000e+00 1.000000000000000000e+00 1.000000000000000000e+00 1.000000000000000000e+00 1.000000000000000000e+00 1.000000000000000000e+00 1.000000000000000000e+00 1.000000000000000000e+00
9.922499999999999654e-01 9.920499999999999874e-01 9.918000000000000149e-01 9.917000000000000259e-01 9.919000000000000039e-01 9.927000000000000268e-01 9.919999999999999929e-01 9.920999999999999819e-01 9.915000000000000480e-01 9.922999999999999599e-01 9.927500000000000213e-01 9.914500000000000535e-01 9.916500000000000314e-01 9.917000000000000259e-01 9.919000000000000039e-01 9.922499999999999654e-01 9.914500000000000535e-01 9.910999999999999810e-01 9.925500000000000433e-01 9.923499999999999543e-01 9.922999999999999599e-01 9.926500000000000323e-01 9.925500000000000433e-01 9.930499999999999883e-01 9.939500000000000002e-01 9.940999999999999837e-01 9.949999999999999956e-01 9.965500000000000469e-01 9.975500000000000478e-01 9.998500000000000165e-01 1.000000000000000000e+00 1.000000000000000000e+00 1.000000000000000000e+00 1.000000000000000000e+00 1.000000000000000000e+00 1.000000000000000000e+00 1.000000000000000000e+00 1.000000000000000000e+00 1.000000000000000000e+00 1.000000000000000000e+00 1.000000000000000000e+00 1.000000000000000000e+00 1.000000000000000000e+00 1.000000000000000000e+00 1.000000000000000000e+00 1.000000000000000000e+00 1.000000000000000000e+00 1.000000000000000000e+00 1.000000000000000000e+00 1.000000000000000000e+00
9.931499999999999773e-01 9.926500000000000323e-01 9.928000000000000158e-01 9.926500000000000323e-01 9.927500000000000213e-01 9.937000000000000277e-01 9.927000000000000268e-01 9.931999999999999718e-01 9.929999999999999938e-01 9.929999999999999938e-01 9.937500000000000222e-01 9.923999999999999488e-01 9.924500000000000544e-01 9.927500000000000213e-01 9.926000000000000378e-01 9.930499999999999883e-01 9.923499999999999543e-01 9.921999999999999709e-01 9.937000000000000277e-01 9.932999999999999607e-01 9.931999999999999718e-01 9.936500000000000332e-01 9.934500000000000552e-01 9.936000000000000387e-01 9.946500000000000341e-01 9.948000000000000176e-01 9.955500000000000460e-01 9.969500000000000028e-01 9.977000000000000313e-01 1.000000000000000000e+00 1.000000000000000000e+00 1.000000000000000000e+00 1.000000000000000000e+00 1.000000000000000000e+00 1.000000000000000000e+00 1.000000000000000000e+00 1.000000000000000000e+00 1.000000000000000000e+00 1.000000000000000000e+00 1.000000000000000000e+00 1.000000000000000000e+00 1.000000000000000000e+00 1.000000000000000000e+00 1.000000000000000000e+00 1.000000000000000000e+00 1.000000000000000000e+00 1.000000000000000000e+00 1.000000000000000000e+00 1.000000000000000000e+00 1.000000000000000000e+00
9.943499999999999561e-01 9.939000000000000057e-01 9.938500000000000112e-01 9.937000000000000277e-01 9.938000000000000167e-01 9.942999999999999616e-01 9.936500000000000332e-01 9.939000000000000057e-01 9.935000000000000497e-01 9.938500000000000112e-01 9.946500000000000341e-01 9.932999999999999607e-01 9.932999999999999607e-01 9.936500000000000332e-01 9.933999999999999497e-01 9.939999999999999947e-01 9.930999999999999828e-01 9.930999999999999828e-01 9.945000000000000506e-01 9.940999999999999837e-01 9.938500000000000112e-01 9.942999999999999616e-01 9.946000000000000396e-01 9.943999999999999506e-01 9.952499999999999680e-01 9.952999999999999625e-01 9.961999999999999744e-01 9.973999999999999533e-01 9.979999999999999982e-01 1.000000000000000000e+00 1.000000000000000000e+00 1.000000000000000000e+00 1.000000000000000000e+00 1.000000000000000000e+00 1.000000000000000000e+00 1.000000000000000000e+00 1.000000000000000000e+00 1.000000000000000000e+00 1.000000000000000000e+00 1.000000000000000000e+00 1.000000000000000000e+00 1.000000000000000000e+00 1.000000000000000000e+00 1.000000000000000000e+00 1.000000000000000000e+00 1.000000000000000000e+00 1.000000000000000000e+00 1.000000000000000000e+00 1.000000000000000000e+00 1.000000000000000000e+00
9.951999999999999735e-01 9.947500000000000231e-01 9.945500000000000451e-01 9.946500000000000341e-01 9.947500000000000231e-01 9.950999999999999845e-01 9.942999999999999616e-01 9.946000000000000396e-01 9.943999999999999506e-01 9.948000000000000176e-01 9.950999999999999845e-01 9.939999999999999947e-01 9.939500000000000002e-01 9.941499999999999782e-01 9.941499999999999782e-01 9.946000000000000396e-01 9.938500000000000112e-01 9.938500000000000112e-01 9.951999999999999735e-01 9.949999999999999956e-01 9.943999999999999506e-01 9.950499999999999901e-01 9.955000000000000515e-01 9.949999999999999956e-01 9.959000000000000075e-01 9.959000000000000075e-01 9.965000000000000524e-01 9.979500000000000037e-01 9.982499999999999707e-01 1.000000000000000000e+00 1.000000000000000000e+00 1.000000000000000000e+00 1.000000000000000000e+00 1.000000000000000000e+00 1.000000000000000000e+00 1.000000000000000000e+00 1.000000000000000000e+00 1.000000000000000000e+00 1.000000000000000000e+00 1.000000000000000000e+00 1.000000000000000000e+00 1.000000000000000000e+00 1.000000000000000000e+00 1.000000000000000000e+00 1.000000000000000000e+00 1.000000000000000000e+00 1.000000000000000000e+00 1.000000000000000000e+00 1.000000000000000000e+00 1.000000000000000000e+00
9.958500000000000130e-01 9.956500000000000350e-01 9.950999999999999845e-01 9.955000000000000515e-01 9.952999999999999625e-01 9.957500000000000240e-01 9.951999999999999735e-01 9.953999999999999515e-01 9.951999999999999735e-01 9.953999999999999515e-01 9.958500000000000130e-01 9.946500000000000341e-01 9.949000000000000066e-01 9.948500000000000121e-01 9.948000000000000176e-01 9.952499999999999680e-01 9.945000000000000506e-01 9.949000000000000066e-01 9.960999999999999854e-01 9.955500000000000460e-01 9.952499999999999680e-01 9.957000000000000295e-01 9.959500000000000020e-01 9.953499999999999570e-01 9.964499999999999469e-01 9.961499999999999799e-01 9.969999999999999973e-01 9.981999999999999762e-01 9.986500000000000377e-01 1.000000000000000000e+00 1.000000000000000000e+00 1.000000000000000000e+00 1.000000000000000000e+00 1.000000000000000000e+00 1.000000000000000000e+00 1.000000000000000000e+00 1.000000000000000000e+00 1.000000000000000000e+00 1.000000000000000000e+00 1.000000000000000000e+00 1.000000000000000000e+00 1.000000000000000000e+00 1.000000000000000000e+00 1.000000000000000000e+00 1.000000000000000000e+00 1.000000000000000000e+00 1.000000000000000000e+00 1.000000000000000000e+00 1.000000000000000000e+00 1.000000000000000000e+00
9.966000000000000414e-01 9.967000000000000304e-01 9.957000000000000295e-01 9.960999999999999854e-01 9.959500000000000020e-01 9.962499999999999689e-01 9.957500000000000240e-01 9.958500000000000130e-01 9.958000000000000185e-01 9.959000000000000075e-01 9.964499999999999469e-01 9.952499999999999680e-01 9.952999999999999625e-01 9.955000000000000515e-01 9.953499999999999570e-01 9.959000000000000075e-01 9.953499999999999570e-01 9.956000000000000405e-01 9.964499999999999469e-01 9.959999999999999964e-01 9.960499999999999909e-01 9.960999999999999854e-01 9.963499999999999579e-01 9.959999999999999964e-01 9.970499999999999918e-01 9.966000000000000414e-01 9.974499999999999478e-01 9.983499999999999597e-01 9.989000000000000101e-01 1.000000000000000000e+00 1.000000000000000000e+00 1.000000000000000000e+00 1.000000000000000000e+00 1.000000000000000000e+00 1.000000000000000000e+00 1.000000000000000000e+00 1.000000000000000000e+00 1.000000000000000000e+00 1.000000000000000000e+00 1.000000000000000000e+00 1.000000000000000000e+00 1.000000000000000000e+00 1.000000000000000000e+00 1.000000000000000000e+00 1.000000000000000000e+00 1.000000000000000000e+00 1.000000000000000000e+00 1.000000000000000000e+00 1.000000000000000000e+00 1.000000000000000000e+00
9.970499999999999918e-01 9.973499999999999588e-01 9.961499999999999799e-01 9.966500000000000359e-01 9.967000000000000304e-01 9.969500000000000028e-01 9.965000000000000524e-01 9.963999999999999524e-01 9.961999999999999744e-01 9.963999999999999524e-01 9.970499999999999918e-01 9.959000000000000075e-01 9.959000000000000075e-01 9.959999999999999964e-01 9.958500000000000130e-01 9.965500000000000469e-01 9.960999999999999854e-01 9.959999999999999964e-01 9.969000000000000083e-01 9.964499999999999469e-01 9.963999999999999524e-01 9.965000000000000524e-01 9.969000000000000083e-01 9.966000000000000414e-01 9.972999999999999643e-01 9.971999999999999753e-01 9.977000000000000313e-01 9.985000000000000542e-01 9.990999999999999881e-01 1.000000000000000000e+00 1.000000000000000000e+00 1.000000000000000000e+00 1.000000000000000000e+00 1.000000000000000000e+00 1.000000000000000000e+00 1.000000000000000000e+00 1.000000000000000000e+00 1.000000000000000000e+00 1.000000000000000000e+00 1.000000000000000000e+00 1.000000000000000000e+00 1.000000000000000000e+00 1.000000000000000000e+00 1.000000000000000000e+00 1.000000000000000000e+00 1.000000000000000000e+00 1.000000000000000000e+00 1.000000000000000000e+00 1.000000000000000000e+00 1.000000000000000000e+00
9.975000000000000533e-01 9.979000000000000092e-01 9.969000000000000083e-01 9.969999999999999973e-01 9.971999999999999753e-01 9.973999999999999533e-01 9.969500000000000028e-01 9.969500000000000028e-01 9.969500000000000028e-01 9.969500000000000028e-01 9.975500000000000478e-01 9.962999999999999634e-01 9.962999999999999634e-01 9.965500000000000469e-01 9.962499999999999689e-01 9.970499999999999918e-01 9.965000000000000524e-01 9.961999999999999744e-01 9.973999999999999533e-01 9.968500000000000139e-01 9.967000000000000304e-01 9.970999999999999863e-01 9.972999999999999643e-01 9.969000000000000083e-01 9.979000000000000092e-01 9.976500000000000368e-01 9.979000000000000092e-01 9.986500000000000377e-01 9.991999999999999771e-01 1.000000000000000000e+00 1.000000000000000000e+00 1.000000000000000000e+00 1.000000000000000000e+00 1.000000000000000000e+00 1.000000000000000000e+00 1.000000000000000000e+00 1.000000000000000000e+00 1.000000000000000000e+00 1.000000000000000000e+00 1.000000000000000000e+00 1.000000000000000000e+00 1.000000000000000000e+00 1.000000000000000000e+00 1.000000000000000000e+00 1.000000000000000000e+00 1.000000000000000000e+00 1.000000000000000000e+00 1.000000000000000000e+00 1.000000000000000000e+00 1.000000000000000000e+00
9.979500000000000037e-01 9.981999999999999762e-01 9.976500000000000368e-01 9.977000000000000313e-01 9.972999999999999643e-01 9.979999999999999982e-01 9.973499999999999588e-01 9.976000000000000423e-01 9.972499999999999698e-01 9.972499999999999698e-01 9.979000000000000092e-01 9.969500000000000028e-01 9.969500000000000028e-01 9.969500000000000028e-01 9.966000000000000414e-01 9.975000000000000533e-01 9.972999999999999643e-01 9.966500000000000359e-01 9.979999999999999982e-01 9.971499999999999808e-01 9.973999999999999533e-01 9.976000000000000423e-01 9.975500000000000478e-01 9.971499999999999808e-01 9.979999999999999982e-01 9.980499999999999927e-01 9.981999999999999762e-01 9.986500000000000377e-01 9.993999999999999551e-01 1.000000000000000000e+00 1.000000000000000000e+00 1.000000000000000000e+00 1.000000000000000000e+00 1.000000000000000000e+00 1.000000000000000000e+00 1.000000000000000000e+00 1.000000000000000000e+00 1.000000000000000000e+00 1.000000000000000000e+00 1.000000000000000000e+00 1.000000000000000000e+00 1.000000000000000000e+00 1.000000000000000000e+00 1.000000000000000000e+00 1.000000000000000000e+00 1.000000000000000000e+00 1.000000000000000000e+00 1.000000000000000000e+00 1.000000000000000000e+00 1.000000000000000000e+00
9.982999999999999652e-01 9.985500000000000487e-01 9.978500000000000147e-01 9.978500000000000147e-01 9.976500000000000368e-01 9.982999999999999652e-01 9.978500000000000147e-01 9.977500000000000258e-01 9.976000000000000423e-01 9.976500000000000368e-01 9.982499999999999707e-01 9.973499999999999588e-01 9.973499999999999588e-01 9.973999999999999533e-01 9.969500000000000028e-01 9.979000000000000092e-01 9.977000000000000313e-01 9.970999999999999863e-01 9.981999999999999762e-01 9.978500000000000147e-01 9.978000000000000203e-01 9.980499999999999927e-01 9.980999999999999872e-01 9.977000000000000313e-01 9.982499999999999707e-01 9.982999999999999652e-01 9.986000000000000432e-01 9.988000000000000211e-01 9.995000000000000551e-01 1.000000000000000000e+00 1.000000000000000000e+00 1.000000000000000000e+00 1.000000000000000000e+00 1.000000000000000000e+00 1.000000000000000000e+00 1.000000000000000000e+00 1.000000000000000000e+00 1.000000000000000000e+00 1.000000000000000000e+00 1.000000000000000000e+00 1.000000000000000000e+00 1.000000000000000000e+00 1.000000000000000000e+00 1.000000000000000000e+00 1.000000000000000000e+00 1.000000000000000000e+00 1.000000000000000000e+00 1.000000000000000000e+00 1.000000000000000000e+00 1.000000000000000000e+00
9.986000000000000432e-01 9.988000000000000211e-01 9.981499999999999817e-01 9.981499999999999817e-01 9.980999999999999872e-01 9.985000000000000542e-01 9.980499999999999927e-01 9.979500000000000037e-01 9.978000000000000203e-01 9.980499999999999927e-01 9.985000000000000542e-01 9.978000000000000203e-01 9.978500000000000147e-01 9.978500000000000147e-01 9.973999999999999533e-01 9.983499999999999597e-01 9.980999999999999872e-01 9.975500000000000478e-01 9.985500000000000487e-01 9.980999999999999872e-01 9.980499999999999927e-01 9.985000000000000542e-01 9.983999999999999542e-01 9.981499999999999817e-01 9.983999999999999542e-01 9.985500000000000487e-01 9.987500000000000266e-01 9.989500000000000046e-01 9.996000000000000441e-01 1.000000000000000000e+00 1.000000000000000000e+00 1.000000000000000000e+00 1.000000000000000000e+00 1.000000000000000000e+00 1.000000000000000000e+00 1.000000000000000000e+00 1.000000000000000000e+00 1.000000000000000000e+00 1.000000000000000000e+00 1.000000000000000000e+00 1.000000000000000000e+00 1.000000000000000000e+00 1.000000000000000000e+00 1.000000000000000000e+00 1.000000000000000000e+00 1.000000000000000000e+00 1.000000000000000000e+00 1.000000000000000000e+00 1.000000000000000000e+00 1.000000000000000000e+00
9.986500000000000377e-01 9.989000000000000101e-01 9.988500000000000156e-01 9.984499999999999487e-01 9.985000000000000542e-01 9.987000000000000322e-01 9.982999999999999652e-01 9.982499999999999707e-01 9.982999999999999652e-01 9.983499999999999597e-01 9.988000000000000211e-01 9.980999999999999872e-01 9.981999999999999762e-01 9.982999999999999652e-01 9.979000000000000092e-01 9.985500000000000487e-01 9.983999999999999542e-01 9.979000000000000092e-01 9.987500000000000266e-01 9.985000000000000542e-01 9.982499999999999707e-01 9.987500000000000266e-01 9.986000000000000432e-01 9.983499999999999597e-01 9.985500000000000487e-01 9.987000000000000322e-01 9.989999999999999991e-01 9.991499999999999826e-01 9.996500000000000385e-01 1.000000000000000000e+00 1.000000000000000000e+00 1.000000000000000000e+00 1.000000000000000000e+00 1.000000000000000000e+00 1.000000000000000000e+00 1.000000000000000000e+00 1.000000000000000000e+00 1.000000000000000000e+00 1.000000000000000000e+00 1.000000000000000000e+00 1.000000000000000000e+00 1.000000000000000000e+00 1.000000000000000000e+00 1.000000000000000000e+00 1.000000000000000000e+00 1.000000000000000000e+00 1.000000000000000000e+00 1.000000000000000000e+00 1.000000000000000000e+00 1.000000000000000000e+00
9.988500000000000156e-01 9.992499999999999716e-01 9.989999999999999991e-01 9.986000000000000432e-01 9.987500000000000266e-01 9.989000000000000101e-01 9.985500000000000487e-01 9.984499999999999487e-01 9.986500000000000377e-01 9.984499999999999487e-01 9.990499999999999936e-01 9.983499999999999597e-01 9.985500000000000487e-01 9.985000000000000542e-01 9.983999999999999542e-01 9.989000000000000101e-01 9.985000000000000542e-01 9.981999999999999762e-01 9.989999999999999991e-01 9.987500000000000266e-01 9.984499999999999487e-01 9.988000000000000211e-01 9.988000000000000211e-01 9.986500000000000377e-01 9.987500000000000266e-01 9.988500000000000156e-01 9.990999999999999881e-01 9.991999999999999771e-01 9.997500000000000275e-01 1.000000000000000000e+00 1.000000000000000000e+00 1.000000000000000000e+00 1.000000000000000000e+00 1.000000000000000000e+00 1.000000000000000000e+00 1.000000000000000000e+00 1.000000000000000000e+00 1.000000000000000000e+00 1.000000000000000000e+00 1.000000000000000000e+00 1.000000000000000000e+00 1.000000000000000000e+00 1.000000000000000000e+00 1.000000000000000000e+00 1.000000000000000000e+00 1.000000000000000000e+00 1.000000000000000000e+00 1.000000000000000000e+00 1.000000000000000000e+00 1.000000000000000000e+00
9.989500000000000046e-01 9.994499999999999496e-01 9.989999999999999991e-01 9.987000000000000322e-01 9.989000000000000101e-01 9.992499999999999716e-01 9.988500000000000156e-01 9.985000000000000542e-01 9.988000000000000211e-01 9.988500000000000156e-01 9.992999999999999661e-01 9.988000000000000211e-01 9.988000000000000211e-01 9.987500000000000266e-01 9.984499999999999487e-01 9.991999999999999771e-01 9.987500000000000266e-01 9.985000000000000542e-01 9.991499999999999826e-01 9.988000000000000211e-01 9.985000000000000542e-01 9.988500000000000156e-01 9.989999999999999991e-01 9.988500000000000156e-01 9.990499999999999936e-01 9.989000000000000101e-01 9.991999999999999771e-01 9.992999999999999661e-01 9.997500000000000275e-01 1.000000000000000000e+00 1.000000000000000000e+00 1.000000000000000000e+00 1.000000000000000000e+00 1.000000000000000000e+00 1.000000000000000000e+00 1.000000000000000000e+00 1.000000000000000000e+00 1.000000000000000000e+00 1.000000000000000000e+00 1.000000000000000000e+00 1.000000000000000000e+00 1.000000000000000000e+00 1.000000000000000000e+00 1.000000000000000000e+00 1.000000000000000000e+00 1.000000000000000000e+00 1.000000000000000000e+00 1.000000000000000000e+00 1.000000000000000000e+00 1.000000000000000000e+00
9.990499999999999936e-01 9.995000000000000551e-01 9.991499999999999826e-01 9.988000000000000211e-01 9.990999999999999881e-01 9.993499999999999606e-01 9.991499999999999826e-01 9.987500000000000266e-01 9.990499999999999936e-01 9.990999999999999881e-01 9.995000000000000551e-01 9.990999999999999881e-01 9.989999999999999991e-01 9.990499999999999936e-01 9.988000000000000211e-01 9.992999999999999661e-01 9.989999999999999991e-01 9.987500000000000266e-01 9.992999999999999661e-01 9.989999999999999991e-01 9.987500000000000266e-01 9.989500000000000046e-01 9.990999999999999881e-01 9.989500000000000046e-01 9.991499999999999826e-01 9.992499999999999716e-01 9.993999999999999551e-01 9.993499999999999606e-01 9.998000000000000220e-01 1.000000000000000000e+00 1.000000000000000000e+00 1.000000000000000000e+00 1.000000000000000000e+00 1.000000000000000000e+00 1.000000000000000000e+00 1.000000000000000000e+00 1.000000000000000000e+00 1.000000000000000000e+00 1.000000000000000000e+00 1.000000000000000000e+00 1.000000000000000000e+00 1.000000000000000000e+00 1.000000000000000000e+00 1.000000000000000000e+00 1.000000000000000000e+00 1.000000000000000000e+00 1.000000000000000000e+00 1.000000000000000000e+00 1.000000000000000000e+00 1.000000000000000000e+00
9.991499999999999826e-01 9.995500000000000496e-01 9.993499999999999606e-01 9.990999999999999881e-01 9.992499999999999716e-01 9.995000000000000551e-01 9.993499999999999606e-01 9.989000000000000101e-01 9.992999999999999661e-01 9.991999999999999771e-01 9.997000000000000330e-01 9.993499999999999606e-01 9.991999999999999771e-01 9.992499999999999716e-01 9.990499999999999936e-01 9.994499999999999496e-01 9.989999999999999991e-01 9.989500000000000046e-01 9.995000000000000551e-01 9.991499999999999826e-01 9.989500000000000046e-01 9.989999999999999991e-01 9.993499999999999606e-01 9.991499999999999826e-01 9.993499999999999606e-01 9.992999999999999661e-01 9.994499999999999496e-01 9.995000000000000551e-01 9.998000000000000220e-01 1.000000000000000000e+00 1.000000000000000000e+00 1.000000000000000000e+00 1.000000000000000000e+00 1.000000000000000000e+00 1.000000000000000000e+00 1.000000000000000000e+00 1.000000000000000000e+00 1.000000000000000000e+00 1.000000000000000000e+00 1.000000000000000000e+00 1.000000000000000000e+00 1.000000000000000000e+00 1.000000000000000000e+00 1.000000000000000000e+00 1.000000000000000000e+00 1.000000000000000000e+00 1.000000000000000000e+00 1.000000000000000000e+00 1.000000000000000000e+00 1.000000000000000000e+00
9.992999999999999661e-01 9.996000000000000441e-01 9.993999999999999551e-01 9.991999999999999771e-01 9.992999999999999661e-01 9.996000000000000441e-01 9.993499999999999606e-01 9.990999999999999881e-01 9.993999999999999551e-01 9.993499999999999606e-01 9.997000000000000330e-01 9.994499999999999496e-01 9.992999999999999661e-01 9.993999999999999551e-01 9.990999999999999881e-01 9.996000000000000441e-01 9.991999999999999771e-01 9.992999999999999661e-01 9.995000000000000551e-01 9.992999999999999661e-01 9.991999999999999771e-01 9.992499999999999716e-01 9.994499999999999496e-01 9.992999999999999661e-01 9.994499999999999496e-01 9.993499999999999606e-01 9.995500000000000496e-01 9.995000000000000551e-01 9.998000000000000220e-01 1.000000000000000000e+00 1.000000000000000000e+00 1.000000000000000000e+00 1.000000000000000000e+00 1.000000000000000000e+00 1.000000000000000000e+00 1.000000000000000000e+00 1.000000000000000000e+00 1.000000000000000000e+00 1.000000000000000000e+00 1.000000000000000000e+00 1.000000000000000000e+00 1.000000000000000000e+00 1.000000000000000000e+00 1.000000000000000000e+00 1.000000000000000000e+00 1.000000000000000000e+00 1.000000000000000000e+00 1.000000000000000000e+00 1.000000000000000000e+00 1.000000000000000000e+00
9.995500000000000496e-01 9.996000000000000441e-01 9.994499999999999496e-01 9.992499999999999716e-01 9.993499999999999606e-01 9.996500000000000385e-01 9.993499999999999606e-01 9.992499999999999716e-01 9.994499999999999496e-01 9.995500000000000496e-01 9.997500000000000275e-01 9.996000000000000441e-01 9.995500000000000496e-01 9.996000000000000441e-01 9.991499999999999826e-01 9.996000000000000441e-01 9.994499999999999496e-01 9.994499999999999496e-01 9.995500000000000496e-01 9.996000000000000441e-01 9.993999999999999551e-01 9.994499999999999496e-01 9.994499999999999496e-01 9.995000000000000551e-01 9.995000000000000551e-01 9.995500000000000496e-01 9.996000000000000441e-01 9.995500000000000496e-01 9.998000000000000220e-01 1.000000000000000000e+00 1.000000000000000000e+00 1.000000000000000000e+00 1.000000000000000000e+00 1.000000000000000000e+00 1.000000000000000000e+00 1.000000000000000000e+00 1.000000000000000000e+00 1.000000000000000000e+00 1.000000000000000000e+00 1.000000000000000000e+00 1.000000000000000000e+00 1.000000000000000000e+00 1.000000000000000000e+00 1.000000000000000000e+00 1.000000000000000000e+00 1.000000000000000000e+00 1.000000000000000000e+00 1.000000000000000000e+00 1.000000000000000000e+00 1.000000000000000000e+00
9.995500000000000496e-01 9.997000000000000330e-01 9.995000000000000551e-01 9.993499999999999606e-01 9.993999999999999551e-01 9.997500000000000275e-01 9.994499999999999496e-01 9.992499999999999716e-01 9.994499999999999496e-01 9.995500000000000496e-01 9.997500000000000275e-01 9.997000000000000330e-01 9.996000000000000441e-01 9.996500000000000385e-01 9.993499999999999606e-01 9.996500000000000385e-01 9.995500000000000496e-01 9.996500000000000385e-01 9.996000000000000441e-01 9.996500000000000385e-01 9.996000000000000441e-01 9.995000000000000551e-01 9.995500000000000496e-01 9.995500000000000496e-01 9.996500000000000385e-01 9.996000000000000441e-01 9.996000000000000441e-01 9.996000000000000441e-01 9.998500000000000165e-01 1.000000000000000000e+00 1.000000000000000000e+00 1.000000000000000000e+00 1.000000000000000000e+00 1.000000000000000000e+00 1.000000000000000000e+00 1.000000000000000000e+00 1.000000000000000000e+00 1.000000000000000000e+00 1.000000000000000000e+00 1.000000000000000000e+00 1.000000000000000000e+00 1.000000000000000000e+00 1.000000000000000000e+00 1.000000000000000000e+00 1.000000000000000000e+00 1.000000000000000000e+00 1.000000000000000000e+00 1.000000000000000000e+00 1.000000000000000000e+00 1.000000000000000000e+00
9.996500000000000385e-01 9.997000000000000330e-01 9.996500000000000385e-01 9.993999999999999551e-01 9.995000000000000551e-01 9.998500000000000165e-01 9.996500000000000385e-01 9.993999999999999551e-01 9.994499999999999496e-01 9.996500000000000385e-01 9.998000000000000220e-01 9.998000000000000220e-01 9.996000000000000441e-01 9.998500000000000165e-01 9.994499999999999496e-01 9.996500000000000385e-01 9.997000000000000330e-01 9.996500000000000385e-01 9.996500000000000385e-01 9.996500000000000385e-01 9.997500000000000275e-01 9.997000000000000330e-01 9.996500000000000385e-01 9.996500000000000385e-01 9.996500000000000385e-01 9.996000000000000441e-01 9.997000000000000330e-01 9.996500000000000385e-01 9.998500000000000165e-01 1.000000000000000000e+00 1.000000000000000000e+00 1.000000000000000000e+00 1.000000000000000000e+00 1.000000000000000000e+00 1.000000000000000000e+00 1.000000000000000000e+00 1.000000000000000000e+00 1.000000000000000000e+00 1.000000000000000000e+00 1.000000000000000000e+00 1.000000000000000000e+00 1.000000000000000000e+00 1.000000000000000000e+00 1.000000000000000000e+00 1.000000000000000000e+00 1.000000000000000000e+00 1.000000000000000000e+00 1.000000000000000000e+00 1.000000000000000000e+00 1.000000000000000000e+00
9.997500000000000275e-01 9.998000000000000220e-01 9.997500000000000275e-01 9.995000000000000551e-01 9.996000000000000441e-01 9.999000000000000110e-01 9.997500000000000275e-01 9.995000000000000551e-01 9.996000000000000441e-01 9.997000000000000330e-01 9.999000000000000110e-01 9.998000000000000220e-01 9.996500000000000385e-01 9.998500000000000165e-01 9.996000000000000441e-01 9.997000000000000330e-01 9.998000000000000220e-01 9.997000000000000330e-01 9.997500000000000275e-01 9.997000000000000330e-01 9.998000000000000220e-01 9.997500000000000275e-01 9.997000000000000330e-01 9.997500000000000275e-01 9.997500000000000275e-01 9.996500000000000385e-01 9.997500000000000275e-01 9.997000000000000330e-01 9.998500000000000165e-01 1.000000000000000000e+00 1.000000000000000000e+00 1.000000000000000000e+00 1.000000000000000000e+00 1.000000000000000000e+00 1.000000000000000000e+00 1.000000000000000000e+00 1.000000000000000000e+00 1.000000000000000000e+00 1.000000000000000000e+00 1.000000000000000000e+00 1.000000000000000000e+00 1.000000000000000000e+00 1.000000000000000000e+00 1.000000000000000000e+00 1.000000000000000000e+00 1.000000000000000000e+00 1.000000000000000000e+00 1.000000000000000000e+00 1.000000000000000000e+00 1.000000000000000000e+00
9.997500000000000275e-01 9.999000000000000110e-01 9.998000000000000220e-01 9.995500000000000496e-01 9.997000000000000330e-01 9.999000000000000110e-01 9.998000000000000220e-01 9.995000000000000551e-01 9.996000000000000441e-01 9.997500000000000275e-01 9.999500000000000055e-01 9.998500000000000165e-01 9.998500000000000165e-01 9.998500000000000165e-01 9.998000000000000220e-01 9.997500000000000275e-01 9.999000000000000110e-01 9.997500000000000275e-01 9.998000000000000220e-01 9.997500000000000275e-01 9.998500000000000165e-01 9.997500000000000275e-01 9.997500000000000275e-01 9.998000000000000220e-01 9.998500000000000165e-01 9.997000000000000330e-01 9.997500000000000275e-01 9.997500000000000275e-01 9.999500000000000055e-01 1.000000000000000000e+00 1.000000000000000000e+00 1.000000000000000000e+00 1.000000000000000000e+00 1.000000000000000000e+00 1.000000000000000000e+00 1.000000000000000000e+00 1.000000000000000000e+00 1.000000000000000000e+00 1.000000000000000000e+00 1.000000000000000000e+00 1.000000000000000000e+00 1.000000000000000000e+00 1.000000000000000000e+00 1.000000000000000000e+00 1.000000000000000000e+00 1.000000000000000000e+00 1.000000000000000000e+00 1.000000000000000000e+00 1.000000000000000000e+00 1.000000000000000000e+00
9.997500000000000275e-01 9.999000000000000110e-01 9.998500000000000165e-01 9.996000000000000441e-01 9.997500000000000275e-01 9.999000000000000110e-01 9.998500000000000165e-01 9.995500000000000496e-01 9.996500000000000385e-01 9.997500000000000275e-01 9.999500000000000055e-01 9.999000000000000110e-01 9.998500000000000165e-01 9.999000000000000110e-01 9.999000000000000110e-01 9.997500000000000275e-01 9.999000000000000110e-01 9.998500000000000165e-01 9.998500000000000165e-01 9.998500000000000165e-01 9.998500000000000165e-01 9.999000000000000110e-01 9.998000000000000220e-01 9.998500000000000165e-01 9.999500000000000055e-01 9.997000000000000330e-01 9.998500000000000165e-01 9.999000000000000110e-01 9.999500000000000055e-01 1.000000000000000000e+00 1.000000000000000000e+00 1.000000000000000000e+00 1.000000000000000000e+00 1.000000000000000000e+00 1.000000000000000000e+00 1.000000000000000000e+00 1.000000000000000000e+00 1.000000000000000000e+00 1.000000000000000000e+00 1.000000000000000000e+00 1.000000000000000000e+00 1.000000000000000000e+00 1.000000000000000000e+00 1.000000000000000000e+00 1.000000000000000000e+00 1.000000000000000000e+00 1.000000000000000000e+00 1.000000000000000000e+00 1.000000000000000000e+00 1.000000000000000000e+00
9.998000000000000220e-01 9.999500000000000055e-01 9.999500000000000055e-01 9.996500000000000385e-01 9.998000000000000220e-01 9.999000000000000110e-01 9.999000000000000110e-01 9.996000000000000441e-01 9.997000000000000330e-01 9.997500000000000275e-01 9.999500000000000055e-01 9.999000000000000110e-01 9.998500000000000165e-01 9.999500000000000055e-01 9.999000000000000110e-01 9.997500000000000275e-01 9.999000000000000110e-01 9.999000000000000110e-01 9.999000000000000110e-01 9.999500000000000055e-01 9.998500000000000165e-01 9.999000000000000110e-01 9.998000000000000220e-01 9.998500000000000165e-01 1.000000000000000000e+00 9.997500000000000275e-01 9.998500000000000165e-01 9.999500000000000055e-01 9.999500000000000055e-01 1.000000000000000000e+00 1.000000000000000000e+00 1.000000000000000000e+00 1.000000000000000000e+00 1.000000000000000000e+00 1.000000000000000000e+00 1.000000000000000000e+00 1.000000000000000000e+00 1.000000000000000000e+00 1.000000000000000000e+00 1.000000000000000000e+00 1.000000000000000000e+00 1.000000000000000000e+00 1.000000000000000000e+00 1.000000000000000000e+00 1.000000000000000000e+00 1.000000000000000000e+00 1.000000000000000000e+00 1.000000000000000000e+00 1.000000000000000000e+00 1.000000000000000000e+00
9.998500000000000165e-01 9.999500000000000055e-01 1.000000000000000000e+00 9.997500000000000275e-01 9.998500000000000165e-01 9.999500000000000055e-01 9.999500000000000055e-01 9.997500000000000275e-01 9.997500000000000275e-01 9.997500000000000275e-01 1.000000000000000000e+00 9.999000000000000110e-01 9.999000000000000110e-01 9.999500000000000055e-01 9.999500000000000055e-01 9.998500000000000165e-01 9.999000000000000110e-01 1.000000000000000000e+00 9.999500000000000055e-01 1.000000000000000000e+00 9.998500000000000165e-01 9.999500000000000055e-01 9.998500000000000165e-01 9.998500000000000165e-01 1.000000000000000000e+00 9.998000000000000220e-01 9.998500000000000165e-01 9.999500000000000055e-01 9.999500000000000055e-01 1.000000000000000000e+00 1.000000000000000000e+00 1.000000000000000000e+00 1.000000000000000000e+00 1.000000000000000000e+00 1.000000000000000000e+00 1.000000000000000000e+00 1.000000000000000000e+00 1.000000000000000000e+00 1.000000000000000000e+00 1.000000000000000000e+00 1.000000000000000000e+00 1.000000000000000000e+00 1.000000000000000000e+00 1.000000000000000000e+00 1.000000000000000000e+00 1.000000000000000000e+00 1.000000000000000000e+00 1.000000000000000000e+00 1.000000000000000000e+00 1.000000000000000000e+00
9.998500000000000165e-01 9.999500000000000055e-01 1.000000000000000000e+00 9.997500000000000275e-01 9.998500000000000165e-01 9.999500000000000055e-01 9.999500000000000055e-01 9.997500000000000275e-01 9.997500000000000275e-01 9.997500000000000275e-01 1.000000000000000000e+00 9.999500000000000055e-01 9.999000000000000110e-01 9.999500000000000055e-01 9.999500000000000055e-01 9.998500000000000165e-01 9.999000000000000110e-01 1.000000000000000000e+00 9.999500000000000055e-01 1.000000000000000000e+00 9.998500000000000165e-01 1.000000000000000000e+00 9.998500000000000165e-01 9.998500000000000165e-01 1.000000000000000000e+00 9.998000000000000220e-01 9.998500000000000165e-01 9.999500000000000055e-01 9.999500000000000055e-01 1.000000000000000000e+00 1.000000000000000000e+00 1.000000000000000000e+00 1.000000000000000000e+00 1.000000000000000000e+00 1.000000000000000000e+00 1.000000000000000000e+00 1.000000000000000000e+00 1.000000000000000000e+00 1.000000000000000000e+00 1.000000000000000000e+00 1.000000000000000000e+00 1.000000000000000000e+00 1.000000000000000000e+00 1.000000000000000000e+00 1.000000000000000000e+00 1.000000000000000000e+00 1.000000000000000000e+00 1.000000000000000000e+00 1.000000000000000000e+00 1.000000000000000000e+00
9.999000000000000110e-01 9.999500000000000055e-01 1.000000000000000000e+00 9.999000000000000110e-01 9.999500000000000055e-01 1.000000000000000000e+00 1.000000000000000000e+00 9.998000000000000220e-01 9.998000000000000220e-01 9.998500000000000165e-01 1.000000000000000000e+00 9.999500000000000055e-01 9.999500000000000055e-01 1.000000000000000000e+00 9.999500000000000055e-01 9.999000000000000110e-01 9.999000000000000110e-01 1.000000000000000000e+00 9.999500000000000055e-01 1.000000000000000000e+00 9.998500000000000165e-01 1.000000000000000000e+00 9.999500000000000055e-01 9.998500000000000165e-01 1.000000000000000000e+00 9.998500000000000165e-01 9.998500000000000165e-01 1.000000000000000000e+00 9.999500000000000055e-01 1.000000000000000000e+00 1.000000000000000000e+00 1.000000000000000000e+00 1.000000000000000000e+00 1.000000000000000000e+00 1.000000000000000000e+00 1.000000000000000000e+00 1.000000000000000000e+00 1.000000000000000000e+00 1.000000000000000000e+00 1.000000000000000000e+00 1.000000000000000000e+00 1.000000000000000000e+00 1.000000000000000000e+00 1.000000000000000000e+00 1.000000000000000000e+00 1.000000000000000000e+00 1.000000000000000000e+00 1.000000000000000000e+00 1.000000000000000000e+00 1.000000000000000000e+00
9.999000000000000110e-01 9.999500000000000055e-01 1.000000000000000000e+00 9.999000000000000110e-01 9.999500000000000055e-01 1.000000000000000000e+00 1.000000000000000000e+00 9.998000000000000220e-01 9.998000000000000220e-01 9.998500000000000165e-01 1.000000000000000000e+00 9.999500000000000055e-01 9.999500000000000055e-01 1.000000000000000000e+00 9.999500000000000055e-01 9.999000000000000110e-01 9.999000000000000110e-01 1.000000000000000000e+00 9.999500000000000055e-01 1.000000000000000000e+00 9.998500000000000165e-01 1.000000000000000000e+00 9.999500000000000055e-01 9.999000000000000110e-01 1.000000000000000000e+00 9.998500000000000165e-01 9.998500000000000165e-01 1.000000000000000000e+00 9.999500000000000055e-01 1.000000000000000000e+00 1.000000000000000000e+00 1.000000000000000000e+00 1.000000000000000000e+00 1.000000000000000000e+00 1.000000000000000000e+00 1.000000000000000000e+00 1.000000000000000000e+00 1.000000000000000000e+00 1.000000000000000000e+00 1.000000000000000000e+00 1.000000000000000000e+00 1.000000000000000000e+00 1.000000000000000000e+00 1.000000000000000000e+00 1.000000000000000000e+00 1.000000000000000000e+00 1.000000000000000000e+00 1.000000000000000000e+00 1.000000000000000000e+00 1.000000000000000000e+00
9.999500000000000055e-01 9.999500000000000055e-01 1.000000000000000000e+00 9.999500000000000055e-01 9.999500000000000055e-01 1.000000000000000000e+00 1.000000000000000000e+00 9.999500000000000055e-01 9.999000000000000110e-01 9.999500000000000055e-01 1.000000000000000000e+00 1.000000000000000000e+00 1.000000000000000000e+00 1.000000000000000000e+00 9.999500000000000055e-01 9.999500000000000055e-01 9.999000000000000110e-01 1.000000000000000000e+00 9.999500000000000055e-01 1.000000000000000000e+00 1.000000000000000000e+00 1.000000000000000000e+00 9.999500000000000055e-01 9.999000000000000110e-01 1.000000000000000000e+00 9.999000000000000110e-01 9.999000000000000110e-01 1.000000000000000000e+00 1.000000000000000000e+00 1.000000000000000000e+00 1.000000000000000000e+00 1.000000000000000000e+00 1.000000000000000000e+00 1.000000000000000000e+00 1.000000000000000000e+00 1.000000000000000000e+00 1.000000000000000000e+00 1.000000000000000000e+00 1.000000000000000000e+00 1.000000000000000000e+00 1.000000000000000000e+00 1.000000000000000000e+00 1.000000000000000000e+00 1.000000000000000000e+00 1.000000000000000000e+00 1.000000000000000000e+00 1.000000000000000000e+00 1.000000000000000000e+00 1.000000000000000000e+00 1.000000000000000000e+00
9.999500000000000055e-01 9.999500000000000055e-01 1.000000000000000000e+00 9.999500000000000055e-01 9.999500000000000055e-01 1.000000000000000000e+00 1.000000000000000000e+00 9.999500000000000055e-01 9.999000000000000110e-01 9.999500000000000055e-01 1.000000000000000000e+00 1.000000000000000000e+00 1.000000000000000000e+00 1.000000000000000000e+00 1.000000000000000000e+00 9.999500000000000055e-01 9.999000000000000110e-01 1.000000000000000000e+00 9.999500000000000055e-01 1.000000000000000000e+00 1.000000000000000000e+00 1.000000000000000000e+00 9.999500000000000055e-01 9.999000000000000110e-01 1.000000000000000000e+00 9.999000000000000110e-01 9.999000000000000110e-01 1.000000000000000000e+00 1.000000000000000000e+00 1.000000000000000000e+00 1.000000000000000000e+00 1.000000000000000000e+00 1.000000000000000000e+00 1.000000000000000000e+00 1.000000000000000000e+00 1.000000000000000000e+00 1.000000000000000000e+00 1.000000000000000000e+00 1.000000000000000000e+00 1.000000000000000000e+00 1.000000000000000000e+00 1.000000000000000000e+00 1.000000000000000000e+00 1.000000000000000000e+00 1.000000000000000000e+00 1.000000000000000000e+00 1.000000000000000000e+00 1.000000000000000000e+00 1.000000000000000000e+00 1.000000000000000000e+00
9.999500000000000055e-01 9.999500000000000055e-01 1.000000000000000000e+00 9.999500000000000055e-01 9.999500000000000055e-01 1.000000000000000000e+00 1.000000000000000000e+00 9.999500000000000055e-01 9.999000000000000110e-01 9.999500000000000055e-01 1.000000000000000000e+00 1.000000000000000000e+00 1.000000000000000000e+00 1.000000000000000000e+00 1.000000000000000000e+00 9.999500000000000055e-01 9.999000000000000110e-01 1.000000000000000000e+00 9.999500000000000055e-01 1.000000000000000000e+00 1.000000000000000000e+00 1.000000000000000000e+00 9.999500000000000055e-01 9.999000000000000110e-01 1.000000000000000000e+00 9.999000000000000110e-01 9.999000000000000110e-01 1.000000000000000000e+00 1.000000000000000000e+00 1.000000000000000000e+00 1.000000000000000000e+00 1.000000000000000000e+00 1.000000000000000000e+00 1.000000000000000000e+00 1.000000000000000000e+00 1.000000000000000000e+00 1.000000000000000000e+00 1.000000000000000000e+00 1.000000000000000000e+00 1.000000000000000000e+00 1.000000000000000000e+00 1.000000000000000000e+00 1.000000000000000000e+00 1.000000000000000000e+00 1.000000000000000000e+00 1.000000000000000000e+00 1.000000000000000000e+00 1.000000000000000000e+00 1.000000000000000000e+00 1.000000000000000000e+00
9.999500000000000055e-01 9.999500000000000055e-01 1.000000000000000000e+00 9.999500000000000055e-01 9.999500000000000055e-01 1.000000000000000000e+00 1.000000000000000000e+00 9.999500000000000055e-01 9.999000000000000110e-01 9.999500000000000055e-01 1.000000000000000000e+00 1.000000000000000000e+00 1.000000000000000000e+00 1.000000000000000000e+00 1.000000000000000000e+00 9.999500000000000055e-01 9.999000000000000110e-01 1.000000000000000000e+00 9.999500000000000055e-01 1.000000000000000000e+00 1.000000000000000000e+00 1.000000000000000000e+00 9.999500000000000055e-01 9.999000000000000110e-01 1.000000000000000000e+00 9.999000000000000110e-01 9.999000000000000110e-01 1.000000000000000000e+00 1.000000000000000000e+00 1.000000000000000000e+00 1.000000000000000000e+00 1.000000000000000000e+00 1.000000000000000000e+00 1.000000000000000000e+00 1.000000000000000000e+00 1.000000000000000000e+00 1.000000000000000000e+00 1.000000000000000000e+00 1.000000000000000000e+00 1.000000000000000000e+00 1.000000000000000000e+00 1.000000000000000000e+00 1.000000000000000000e+00 1.000000000000000000e+00 1.000000000000000000e+00 1.000000000000000000e+00 1.000000000000000000e+00 1.000000000000000000e+00 1.000000000000000000e+00 1.000000000000000000e+00
1.000000000000000000e+00 1.000000000000000000e+00 1.000000000000000000e+00 1.000000000000000000e+00 1.000000000000000000e+00 1.000000000000000000e+00 1.000000000000000000e+00 1.000000000000000000e+00 1.000000000000000000e+00 1.000000000000000000e+00 1.000000000000000000e+00 1.000000000000000000e+00 1.000000000000000000e+00 1.000000000000000000e+00 1.000000000000000000e+00 1.000000000000000000e+00 1.000000000000000000e+00 1.000000000000000000e+00 1.000000000000000000e+00 1.000000000000000000e+00 1.000000000000000000e+00 1.000000000000000000e+00 1.000000000000000000e+00 1.000000000000000000e+00 1.000000000000000000e+00 1.000000000000000000e+00 1.000000000000000000e+00 1.000000000000000000e+00 1.000000000000000000e+00 1.000000000000000000e+00 1.000000000000000000e+00 1.000000000000000000e+00 1.000000000000000000e+00 1.000000000000000000e+00 1.000000000000000000e+00 1.000000000000000000e+00 1.000000000000000000e+00 1.000000000000000000e+00 1.000000000000000000e+00 1.000000000000000000e+00 1.000000000000000000e+00 1.000000000000000000e+00 1.000000000000000000e+00 1.000000000000000000e+00 1.000000000000000000e+00 1.000000000000000000e+00 1.000000000000000000e+00 1.000000000000000000e+00 1.000000000000000000e+00 1.000000000000000000e+00
1.000000000000000000e+00 1.000000000000000000e+00 1.000000000000000000e+00 1.000000000000000000e+00 1.000000000000000000e+00 1.000000000000000000e+00 1.000000000000000000e+00 1.000000000000000000e+00 1.000000000000000000e+00 1.000000000000000000e+00 1.000000000000000000e+00 1.000000000000000000e+00 1.000000000000000000e+00 1.000000000000000000e+00 1.000000000000000000e+00 1.000000000000000000e+00 1.000000000000000000e+00 1.000000000000000000e+00 1.000000000000000000e+00 1.000000000000000000e+00 1.000000000000000000e+00 1.000000000000000000e+00 1.000000000000000000e+00 1.000000000000000000e+00 1.000000000000000000e+00 1.000000000000000000e+00 1.000000000000000000e+00 1.000000000000000000e+00 1.000000000000000000e+00 1.000000000000000000e+00 1.000000000000000000e+00 1.000000000000000000e+00 1.000000000000000000e+00 1.000000000000000000e+00 1.000000000000000000e+00 1.000000000000000000e+00 1.000000000000000000e+00 1.000000000000000000e+00 1.000000000000000000e+00 1.000000000000000000e+00 1.000000000000000000e+00 1.000000000000000000e+00 1.000000000000000000e+00 1.000000000000000000e+00 1.000000000000000000e+00 1.000000000000000000e+00 1.000000000000000000e+00 1.000000000000000000e+00 1.000000000000000000e+00 1.000000000000000000e+00
